"flagged","ESV","sequence","Kingdom","Phylum","Class","Order","Family","Genus","Species","pctMatch","numSpp","JV243.2_dLoop_GoldZachary_S076224.1","JV243.2_dLoop_GoldZachary_S076225.1","JV243.2_dLoop_GoldZachary_S076226.1","JV243.2_dLoop_GoldZachary_S076227.1","JV243.2_dLoop_GoldZachary_S076228.1","JV243.2_dLoop_GoldZachary_S076229.1","JV243.2_dLoop_GoldZachary_S076230.1","JV243.2_dLoop_GoldZachary_S076231.1","JV243.2_dLoop_GoldZachary_S076232.1","JV243.2_dLoop_GoldZachary_S076233.1","JV243.2_dLoop_GoldZachary_S076234.1","JV243.2_dLoop_GoldZachary_S076235.1","JV243.2_dLoop_GoldZachary_S076236.1","JV243.2_dLoop_GoldZachary_S076237.1","JV243.2_dLoop_GoldZachary_S076238.1","JV243.2_dLoop_GoldZachary_S076239.1","JV243.2_dLoop_GoldZachary_S076240.1","JV243.2_dLoop_GoldZachary_S076241.1","JV243.2_dLoop_GoldZachary_S076242.1","JV243.2_dLoop_GoldZachary_S076243.1","JV243.2_dLoop_GoldZachary_S076244.1","JV243.2_dLoop_GoldZachary_S076245.1","JV243.2_dLoop_GoldZachary_S076246.1","JV243.2_dLoop_GoldZachary_S076247.1","JV243.2_dLoop_GoldZachary_S076248.1","JV243.2_dLoop_GoldZachary_S076249.1","JV243.2_dLoop_GoldZachary_S076250.1","JV243.2_dLoop_GoldZachary_S076251.1","JV243.2_dLoop_GoldZachary_S076252.1","JV243.2_dLoop_GoldZachary_S076253.1","JV243.2_dLoop_GoldZachary_S076254.1","JV243.2_dLoop_GoldZachary_S076255.1","JV243.2_dLoop_GoldZachary_S076256.1","JV243.2_dLoop_GoldZachary_S076257.1","JV243.2_dLoop_GoldZachary_S076258.1","JV243.2_dLoop_GoldZachary_S076259.1","JV243.2_dLoop_GoldZachary_S076260.1","JV243.2_dLoop_GoldZachary_S076261.1","JV243.2_dLoop_GoldZachary_S076262.1","JV243.2_dLoop_GoldZachary_S076263.1","JV243.2_dLoop_GoldZachary_S076264.1","JV243.2_dLoop_GoldZachary_S076265.1","JV243.2_dLoop_GoldZachary_S076266.1","JV243.2_dLoop_GoldZachary_S076267.1","JV243.2_dLoop_GoldZachary_S076268.1","JV243.2_dLoop_GoldZachary_S076269.1","JV243.2_dLoop_GoldZachary_S076270.1","JV243.2_dLoop_GoldZachary_S076271.1","JV243.2_dLoop_GoldZachary_S076272.1","JV243.2_dLoop_GoldZachary_S076273.1","JV243.2_dLoop_GoldZachary_S076274.1","JV243.2_dLoop_GoldZachary_S076275.1","JV243.2_dLoop_GoldZachary_S076276.1","JV243.2_dLoop_GoldZachary_S076277.1","JV243.2_dLoop_GoldZachary_S076278.1","JV243.2_dLoop_GoldZachary_S076279.1","JV243.2_dLoop_GoldZachary_S076280.1","JV243.2_dLoop_GoldZachary_S076281.1","JV243.2_dLoop_GoldZachary_S076282.1","JV243.2_dLoop_GoldZachary_S076283.1","JV243.2_dLoop_GoldZachary_S076284.1","JV243.2_dLoop_GoldZachary_S076285.1","JV243.2_dLoop_GoldZachary_S076286.1","JV243.2_dLoop_GoldZachary_S076287.1","JV243.2_dLoop_GoldZachary_S076288.1","JV243.2_dLoop_GoldZachary_S076289.1","JV243.2_dLoop_GoldZachary_S076290.1","JV243.2_dLoop_GoldZachary_S076291.1","JV243.2_dLoop_GoldZachary_S076292.1","JV243.2_dLoop_GoldZachary_S076293.1","JV243.2_dLoop_GoldZachary_S076294.1","JV243.2_dLoop_GoldZachary_S076295.1","JV243.2_dLoop_GoldZachary_S076296.1","JV243.2_dLoop_GoldZachary_S076297.1","JV243.2_dLoop_GoldZachary_S076298.1","JV243.2_dLoop_GoldZachary_S076299.1","JV243.2_dLoop_GoldZachary_S076300.1","JV243.2_dLoop_GoldZachary_S076301.1","JV243.2_dLoop_GoldZachary_S076302.1","JV243.2_dLoop_GoldZachary_S076303.1","JV243.2_dLoop_GoldZachary_S076304.1","JV243.2_dLoop_GoldZachary_S076305.1","JV243.2_dLoop_GoldZachary_S076306.1","JV243.2_dLoop_GoldZachary_S076307.1","JV243.2_dLoop_GoldZachary_S076308.1","JV243.2_dLoop_GoldZachary_S076309.1","JV243.2_dLoop_GoldZachary_S076310.1","JV243.2_dLoop_GoldZachary_S076311.1","JV243.2_dLoop_GoldZachary_S076312.1","JV243.2_dLoop_GoldZachary_S076313.1","JV243.2_dLoop_GoldZachary_S076314.1","JV243.2_dLoop_GoldZachary_S076315.1","JV243.2_dLoop_GoldZachary_S076316.1","JV243.2_dLoop_GoldZachary_S076317.1","JV243.2_dLoop_GoldZachary_S076318.1","JV243.2_dLoop_GoldZachary_S076319.1"
,"ESV_000001","AAAGAGAGCAGAGAGTCGGAAGAATGTCGACCAAGCCGGCGGGCGTTTTGAGGGTCTTGCCAGCTGGGATCGTCCCTGGCCAATTGAAAATTCCTGGAACCCGCAGACCGCCTTCCCAATTGACGCCTTTTTGACCGCGGAGAGAGCGATTGCGGTTGCGAAGGTAGGAGCCGTTGTCTGAGGCGTAGATTATGAGCGTGTCTTCGAGTGGAGCGATTTCGGCGAGCTTTTGTTTTAGGCGTGCGATGGCACGATCGGTGTTGTCGATCGTTGCTGAATAAGTGCTAGCCAATTTCGCTTGGGTCTTGGGGAGGCCTTCGCTTTGTTTGGGGTCCTGGTAGCTCTCGACGATGTCTTCGGGTGCGGCGATTTTTTGATGAGGTT",,,,,,,,,,0,0,44,0,0,0,0,0,0,0,0,0,0,0,0,0,0,0,0,0,0,0,0,0,0,0,0,0,0,0,0,0,0,0,0,0,0,0,0,0,0,0,0,0,0,0,0,0,0,0,0,0,0,0,0,0,0,0,0,0,0,0,0,0,0,0,0,0,0,0,0,0,0,0,0,0,0,0,0,0,0,0,0,0,0,0,0,0,0,0,0,0,0,0,0,0
,"ESV_000002","CATTACAAATACAATCGAATATGACATCAAAAGGATATGCGAAACCCAGTTTGTCGGTCCCGGTCACTTAGCCAAATACATTGAGTCAGAGCAGTACATGTGCGAGAGTGTTTCAGACAACATTAAGGCAATGCTCAACGACTCCCTGGCCAAAGGCCCAAGTCGCACACCTCAGGAAATCCGAGAATTCGTGTTTCTATGGAGGCAATGGACCCTCGAGAAACTTTTTGTTACGTACAGCGTACAATTGGTCGAGAGGCATGCCGAGGAAGAAAGCACTAATCCGTATGCACGATGGATCTGCCCAGATTGTGAGCACACAAACTGCGACAAATGGACATTTTGCGGCCACTGCGGCAAGCTTGCG",,,,,,,,,,0,0,0,32,0,0,0,0,0,0,0,0,0,0,0,0,0,0,0,0,0,0,0,0,0,0,0,0,0,0,0,0,87,0,0,0,0,0,0,0,22,0,0,0,0,0,0,0,0,0,0,0,0,0,0,0,0,13,0,0,0,0,0,0,0,0,0,0,0,0,0,0,0,0,0,0,0,0,9,0,0,0,0,0,0,0,0,0,0,0,8,0,0,0,0,0
,"ESV_000003","GCAGGTATAACAAAGGGAAAACACAGTTCTGGAACCTCGCAAACCAATATAAAACCTGGAATGGATACAAATCAATATCGGATATAAACCTAGACAGATATCATAGCGTATACGAAAACAGGGTACGTGATACTTCGATATACAAACGCAGCGTCACACTAACTAACAACTCACCGGTCACGAGCCGGTAGTCCTCGAACCAAACTCCGCTCGCACCCCGGTCACATACTTCCTTGCTACAGGAGAGAGAGAGGGTTAGAGGAATGTCAGTAGTACTAAGAAAGAAAGTACTACTAACGGTATGAAATACCAACATTCCCCTCTCTCTCTTCTGAGCTTTCTAATAGCCCCAATTTGGCGGGC",,,,,,,,,,0,0,0,0,0,0,0,0,0,14,0,0,0,0,0,0,0,0,0,0,0,0,0,0,0,0,0,0,0,0,0,0,0,0,0,0,0,0,0,0,0,0,0,0,0,0,0,0,0,0,0,0,0,0,0,0,0,0,0,0,0,0,0,0,0,0,0,0,0,0,0,0,0,0,0,0,0,0,0,0,0,0,0,0,0,0,0,0,0,0,0,0,0,0,0,0
,"ESV_000004","GAGGGCAGAAAGGGATTTTTCGCGGCAATGTGTAATGACCCGGATCCAGGTCGCATTCTCGAGGACCCGAACTCGGCATGGCAACTATGCTTAACCTCCATCAAACCCTGGCCTTCATGCCGACATACCCACCCAATCATCGATTGCGCGCTCGAAATCCATCAATTACTCGATGGTAACCAGGTTAGCAAAATCGATATCAAGACCTACCAGGCCGCGCTCGACGTATGCGATTATCCCGCGCCTGAAAGCGAGTACCAGGCAAAATTTTCGCTCTACCATACCGCCGCCATCGCGGTTCTCGACGGTGCGGTCGGGCTCGATTCCTTCGATGCGAACGCACGCCAACGAAGCGAGCGTCTACGC",,,,,,,,,,0,0,0,0,0,0,0,0,0,12,0,0,0,0,0,0,0,0,0,0,0,0,0,0,0,0,0,0,0,0,0,0,0,0,0,0,0,0,0,0,0,0,0,0,0,0,0,0,0,0,0,0,0,0,0,0,0,0,0,0,0,0,0,0,0,0,0,0,0,0,0,0,0,0,0,0,0,0,0,0,0,0,0,0,0,0,0,0,0,0,0,0,0,0,0,0
,"ESV_000005","GAACACTTGTGGGACCGCAACAAGATAGGCATGGCAGCTCCGACATCAAGACCGTACCGGAAAGGCAAAGCTGCAACAAATTTGGCCGTTGCCCGGTGGCTGTGCCACTTCACGCGGAAAGATGCAGCCCGGAAACCTGATTATGTCAAAGCCGGCTTCCGGGCGAATTTCTTTTGGGGCATAGTTACAGCAATCGACACGCTTGAGCGAGCCCCCCAATTTGTCCCAGATCCGGATGCTCGATTGCTGGCCGAGTGCCGCACAGCTGCTTTCAACGCTCATCGCTCGCTCCACCGGCTCGCGGCCACAGAGGGGAGCGTCTTGTGGCACCACATCCCCAAGCATCACATGCTGGACCACTGCCTC",,,,,,,,,,0,0,0,0,0,0,0,0,0,0,14,0,0,0,0,0,0,0,0,0,0,0,0,0,0,0,0,0,0,0,0,0,0,0,0,0,0,0,0,0,0,0,0,0,0,0,0,0,0,0,0,0,0,0,0,0,0,0,0,0,0,0,0,0,0,0,0,0,0,0,0,0,0,0,0,0,0,0,0,0,0,0,0,0,0,0,0,0,0,0,0,0,0,0,0,0
,"ESV_000006","CATTACAAATACAATCGGATATGACATCAAAAGGATATGCGAAACCCAGTTTGTCGGTCCCGGTCACTTAGCCAAATACATTGAGTCAGAGCAGTACATGTGCGAGAGTGTTTCAGACAACATTAAGGCAATGCTCAACGACTCCCTGGCCAAAGGCCCAAGTCGCACACCTCAGGAAATCCGAGAATTCGTGTTTCTATGGAGGCAATGGACCCTCGAGAAACTTTTTGTTACGTACAGCGTACAATTGGTCGAGAGGCATGCCGAGGAAGAAAGCACTAATCCGTATGCACGATGGATCTGCCCAGATTGTGAGCACACAAACTGCGACAAATGGACATTTTGCGGCCACTGCGGCAAGCTTGCG",,,,,,,,,,0,0,0,0,0,0,0,0,0,0,10,0,0,0,0,0,0,0,0,0,0,0,0,0,0,0,0,0,0,0,0,0,0,0,0,0,0,0,0,0,0,0,0,0,0,0,0,0,0,0,0,0,0,0,0,0,0,0,0,0,0,0,0,0,0,0,0,0,0,0,0,0,0,0,0,0,0,0,0,0,0,0,0,0,0,0,0,0,0,0,0,0,0,0,0,0
,"ESV_000007","AATTTTGAGAGCTTCTTGCGAAAATCGAATAGCTGTCATCCTGAGCGAGCGAAGCGAGTCGAAGGATCCCCCGAAGTAGGAGAATGCCGATATATCAGCCTATCCCCTGCTTCGGGGGATCCCTCGACTCGGTCGTCGAACTCCCTCGCTCGGGATGACAGGAATTTTGCGAGAGGCTCCTCAATTTTGAATTCCCGGCGCCTCTCGGAGAAAGGGAGGCATGGTAGGGCATTGAGAACTGAGAACTGAGAACTGAGAATTTCGCGCCAGCGTGTGCACCTCTCGCTTGCGGTTACTCGCGCTGGAGGGTGGCGGTTACCCGGGTGTCGTCGCCCGCTACGACCACCAGGTCGCGCGACCACGT",,,,,,,,,,0,0,0,0,0,0,0,0,0,0,0,0,0,8,0,0,0,0,0,0,0,0,0,0,0,0,0,0,0,0,0,0,0,0,0,0,0,0,0,0,0,0,0,0,0,0,0,0,0,0,0,0,0,0,0,0,0,0,0,0,0,0,0,0,0,0,0,0,0,0,0,0,0,0,0,0,0,0,0,0,0,0,0,0,0,0,0,0,0,0,0,0,0,0,0,0
,"ESV_000008","CGCACTTAAACTTGGACCAGAGGTTTGTCACCGTGTGCGGGTTCGTCGGGTGAAGGAGGAATCCAGCAGGACGTGGCGCACGAGGTGGGCCAGTCGTGTCGATCCAATCTTCGTACGGCGTTGTATCTTCGAGCCAGTCTCCAGCCGCGTTAAGTAAGAACTTGTAGTACTGTTTGGCTTCGCGGTGCGCTTTGGTATTAATGGGCGCCATGTCCTCGGCCACCTCAGTTCCACGCACCGCGTATACATCCGCCCATCCGTTGCCTTTGAGGTTTTTGAAACTCGAAACTTGAGGCAACGACGCATCTACAAAATAGGCGGTCGCCCTGGGCAACGGCCACCCTTACTGGACCGCGCCCCCACTTTAAGC",,,,,,,,,,0,0,0,0,0,0,0,0,0,0,0,0,0,0,0,19,0,0,0,0,0,0,0,0,0,0,0,0,0,0,0,0,0,0,0,0,0,0,0,0,0,0,0,0,0,0,0,0,0,0,0,0,0,0,0,0,0,0,0,0,0,0,0,0,0,0,0,0,0,0,0,0,0,0,0,0,0,0,0,0,0,0,0,0,0,0,0,0,0,0,0,0,0,0,0,0
,"ESV_000009","CTACAGCCGCAAACCTGAAGCAGAGGCAGCCTTACTACCAGCTGGATAATGTTAGTTTGCTATTTGGCGGACTCCGACGACAAGTTCGTCGGAGTTCTTAACGACAACTTCCGATACACCGCTACCAAAAACTGCAGCTGCGCAAAAGTCATCTTCTACAAAGATGACAAGTATCTGTTCGCTACAGAATTTAACGCCGTCCGCCAGTTACACACAGGCGACGAGATGGTCGTCAATCTCGATTCAGGTATTGACTTTTACTACCTAGTAACCAAACTCAAAGAACCTATCAAAGGCGTTGGGGCATCGATGGCCACCTGGCGGAGTTTGCGCCGTATTACGGAGAAAATTAAATATGAG",,,,,,,,,,0,0,0,0,0,0,0,0,0,0,0,0,0,0,0,0,11,0,0,0,0,0,0,0,0,0,0,0,0,0,0,0,0,0,0,0,0,0,0,0,0,0,0,0,0,0,0,0,0,0,0,0,0,0,0,0,0,0,0,0,0,0,0,0,0,0,0,0,0,0,0,0,0,0,0,0,0,0,0,0,0,0,0,0,0,0,0,0,0,0,0,0,0,0,0,0
,"ESV_000010","CATAAACTATTCCTTGAAAAAGGATTTATTGTATAATAACAAACCACTACAGTACTACGTCAGTATTAAATAAACCTATTTCCAATACATTTTACTGTGACTATTGCATACCCTTATACACACACCATTAAATCTTAGTCTTTCTTTATAAATATTCATATACATATATACTATGTATTATTGTGCATTCATTTATTTTCCATACGATCAGTTAAAGCTCGTATTAGATCTTATTAATTTTACAAATCACATAATATGCATGCTCTTACATATTATATATCAACAGTCCATTTTACTTCCATTATATACTATGGCCGCTCCATTAGATCACGAGCTTAACTACCATGCCG","Eukaryota","Chordata","Mammalia","Artiodactyla","Monodontidae","Delphinapterus","Delphinapterus leucas",99.7,1,0,0,0,0,0,0,0,0,0,0,0,0,0,0,0,0,9,0,0,0,0,0,0,0,0,0,0,0,0,0,0,0,0,0,0,0,0,0,0,0,0,0,0,0,0,0,0,0,0,0,0,0,0,0,0,0,0,0,0,0,0,0,0,0,0,0,0,0,0,0,0,0,0,0,0,0,0,0,0,0,0,0,0,0,0,0,0,0,0,0,0,0,0,0,0,0
,"ESV_000011","CATAAACTATTCCTTGAAAAAGGATTTATTGTACAATAACAAACCACTACAGTACTACGTCAGTATTAAATAAACCTATTTCCAATACATTTTACTGTGACTATTGCATACCCTTATACACACACCATTAAATCTTAGTCTTTCTTTATAAATATTCATATACATATATACTATGTATTATTGTGCATTCATTTATTTTCCATACGATCAGTTAAAGCTCGTATTAGATCTTATTAATTTTACAAATCACATAATATGCATGCTCTTACATATTATATATCAACAGTCCATTTTACTTCCATTATATACTATGGCCGCTCCATTAGATCACGAGCTTAACTACCATGCCG","Eukaryota","Chordata","Mammalia","Artiodactyla","Monodontidae","Delphinapterus","Delphinapterus leucas",100,1,0,0,0,0,0,0,0,0,0,0,0,0,0,0,0,0,0,0,0,0,0,0,0,0,0,0,18,0,0,0,0,0,0,0,0,0,0,0,0,0,0,0,0,0,0,0,0,0,0,0,0,0,11,0,0,0,0,0,0,0,0,0,0,0,0,0,0,0,0,0,0,0,0,0,0,0,0,0,0,0,0,0,0,0,0,0,0,0,0,0,0,0,0,0,0,0
,"ESV_000012","CCACCCAAGTGAGGGTGAAGGTGGACCAGACCTATCCATGTTGAGCAGCAGGAGGATCACGGTACCGTCGGAGGGGAAGCCGATTCGTGATGATTGGAAGATGACTGCGATCGAAGATGGTCCGATGAATGGAGAGCTCTGGGTAGGAGAGTGCTACGAGTCATGGGATGAGGCGACGAATCCAGGAGAGATCAACCAAATCGGACGGAAGTCAGATCTTCCTGGAGGACTTGTGTTTACCGATGTGCCGGAACATAGCTTTACAGACGATCTATCTGGGGAGCCCTTGGAAGGGGAGCTGGTCACCATTGCAAAGCGGGGAGAAGTGACAGAAGTCTATCGAAGATCAGTCTGGTCTGAAGCACCAGTGGCTGATTGCTTT",,,,,,,,,,0,0,0,0,0,0,0,0,0,0,0,0,0,0,0,0,0,0,0,0,0,0,0,0,0,0,0,9,0,0,0,0,0,0,0,0,0,0,0,0,0,0,0,0,0,0,0,0,0,0,0,0,0,0,0,0,0,0,0,0,0,0,0,0,0,0,0,0,0,0,0,0,0,0,0,0,0,0,0,0,0,0,0,0,0,0,0,0,0,0,0,0,0,0,0,0
,"ESV_000013","CATCAGGGATCTTGAGCCGATCATCGACATGGGCCCGGATGCCCTGATTATGTCCGACCCCGGCCTGATCATGATGGTGCGCGAGCGCTGGCCGGACCTGACGATTCACCTGTCGGTGCAATCCAACGTGGTCAACTATGCCGGAGTGAAATTCTGGCAGAGCCTCGGCTTGAAACGCATCATCCTGTCCCGCGAATTGTCCTTGAAGGAAGTCGCCGAAATCCGCGAGGAATGCCCTGACATAGAGTTGGAAGTGTTCGTGCACGGTGCATTGTGCATCGCTTATTCCGGACGCTGCCTGCTGTCAGGTTACATCTCCCACCGGGATTCCAACCAGGGCGCCTGCACCAATACCTGCCGCTGGAAATACGACACACTTGAAGCC",,,,,,,,,,0,0,0,0,0,0,0,0,0,0,0,0,0,0,0,0,0,0,0,0,0,0,0,0,0,0,0,0,0,0,0,0,52,0,0,0,0,0,0,0,0,0,0,0,0,0,0,0,0,0,0,0,0,0,0,0,0,0,0,0,0,0,0,0,0,0,0,0,0,0,0,0,0,0,0,0,0,0,0,0,0,0,0,0,0,0,0,0,0,0,0,0,0,0,0,0
,"ESV_000014","CATAAACTATTCCTTGAAAAAGGATTTATTGTACAATAACAAACCACTACAGTACTACGTCAGTATTAAATAAACCTATTTCCAATACATTTTACTGTGACTATTGCATACCCTTATACACACACCATTAAATCTTAGTCTTTCTTTATAAATATTCATATACATATGTACTATGTATTATTGTGCATTCATTTATTTTCCATACGATCAGTTAAAGCTCGTATTAGATCTTATTAATTTTACAAATCACATAATATGCATGCTCTTACATATTATATATCAACAGTCCATTTTACTTCCATTATATACTATGGCCGCTCCATTAGATCACGAGCTTAACTACCATGCCG","Eukaryota","Chordata","Mammalia","Artiodactyla","Monodontidae","Delphinapterus","Delphinapterus leucas",99.7,1,0,0,0,0,0,0,0,0,0,0,0,0,0,0,0,0,0,0,0,0,0,0,0,0,0,0,0,0,0,0,0,0,0,0,0,0,0,0,0,10,0,0,0,0,0,0,0,0,0,0,0,0,0,0,0,0,0,0,0,0,0,0,0,0,0,0,0,0,0,0,0,0,0,0,0,0,0,0,0,0,0,0,0,0,0,0,0,0,0,0,0,0,0,0,0,0
,"ESV_000015","CATAAACTATTCCCTGAAAATATTTATATTGTACAATAACCACAAGACTACAGTACTATGTCCGTATTAAAAATAATTTATCTTATTACATACTATTATGTACTCGTGCATGTATGCATGTCCACATAACCAATAATAACGATGTCCTCCTGTAAATATGTATATGTATACATACTATGTATAATTGTGCATTCAATTATCTTCACCACGAGCAGTTAAAGCCCGTATTAAAATTCATTAATTTTACATATTACATAATATTCATTGATAGTACATTAGCGCATGCTCTTATGCATCCACAAGCTAATTTAATAAAACTAATTCCTATGGCCGCTCCATTAGATCACGAGCTTAGTCAGCATGCCG","Eukaryota","Chordata","Mammalia","Artiodactyla","Balaenopteridae","Balaenoptera","Balaenoptera acutorostrata",96.7,1,0,0,0,0,0,0,0,0,0,0,0,0,0,0,0,0,0,0,0,0,0,0,0,0,0,0,0,0,0,0,0,0,0,0,0,0,0,0,0,10,0,0,0,0,0,0,0,0,0,0,0,0,0,0,0,0,0,0,0,0,0,0,0,0,0,0,0,0,0,0,0,0,0,0,0,0,0,0,0,0,0,0,0,0,0,0,0,0,0,0,0,0,0,0,0,0
,"ESV_000016","ATGTACGTTAAGAAGCAGGCAGGTATGCGATGCGCCGCCTCTTGAGCGACAGACCGTCGACAACGACCCCATCGATAATCTGCAGCGCCCTCAATCGGCTGAGGATCCCCGCCGGGGGCGGCGCCTCTTTGGCAGGACTGTCCCAGCGGCCCCAACTATCGACCCCCCTCCCCGAGGCGGCAGTCGGCGCCGCGGCAAACCGAAACGGAGCCGTTCGGGCTCTCGAGGCCTTGCCAGTGTGGCGCCAGCGCCAGTGCAAGACTCAGTTGACAGAGAGTTGCAGGTCTCGCGACGATTCCCTAAGGAGGAGGCCCCGGGGCACGATACTGCCTTGGGGCGCACTGGGGATCCAGTCGCTGAG",,,,,,,,,,0,0,0,0,0,0,0,0,0,0,0,0,0,0,0,0,0,0,0,0,0,0,0,0,0,0,0,0,0,0,0,0,0,0,0,0,0,0,0,0,0,0,0,0,13,0,0,0,0,0,0,0,0,0,0,0,0,0,0,0,0,0,0,0,0,0,0,0,0,0,0,0,0,0,0,0,0,0,0,0,0,0,0,0,0,0,0,0,0,0,0,0,0,0,0,0
,"ESV_000017","CGGCAATCTATGGACACATAGACCGTCGAAGGGATAATCAAGCAACCTTGAAACTTCTTGGAGTTCCAAGCACAATTGGCCATCATCCTCGCCAACGTAAGTCCCAAGATAAGTGGACCTCTCCGGTGGCTCTGCCTCCATATCTGGGATGTGCCTAAAGTCTGCCACCGCAACATTCAGCGCCTCTTTCCAATCCAGACCACCATAAGATCTATCAAGTCCAAATTCAGGTGGAATATACCAACCAAACTCCCGCATCAACTTTAAGTCCAAGTCGCTGTAGTTCAGAACGGATTTGCTTTGCAGCTTCCTCTCAAAGAACGCCTGTAGGTTACAGGCTAACTGCTCTGCATCACCAGAAAAGGGCATGGATCGC",,,,,,,,,,0,0,0,0,0,0,0,0,0,0,0,0,0,0,0,0,0,0,0,0,0,0,0,0,0,0,0,0,0,0,0,0,0,0,0,0,0,0,0,0,0,0,0,0,0,0,0,0,0,0,0,0,0,0,16,0,0,0,0,0,0,0,0,0,0,0,0,0,0,0,0,0,0,0,0,0,0,0,0,0,0,0,0,0,0,0,0,0,0,0,0,0,0,0,0,0
,"ESV_000018","GCAAGAGGCAATTCACATCGATTTGGTTCTAGAATGCAGAAGATCAGGGCTTGTGCAAGTTTTTTGCAATAAGAATTGTTTTCAGCGGCCATGCAGGAGGAACAGGTCATCTGTTTGCGCTTGTACATGGGCATGGCGGGCAACTGAAAAGACAGATCTGTAGCGCGCTGGAAGATAGCTCGCACTGTGTACTGTTGGCCGGGCGTGTTTGAAGAAAGCGCAACACAATACACTTGGAATGTGGTACGACCATCTACAGGCAACTGGTGGATGCGCAGGTAGTGCAACTGGACTTGCTCTTCTACCGCCCGAGCCACATGCTGAGGTCCAAGCAGCTGCGATACATGTTCGGG",,,,,,,,,,0,0,0,0,0,0,0,0,0,0,0,0,0,0,0,0,0,0,0,0,0,0,0,0,0,0,0,0,0,0,0,0,0,0,0,0,0,0,0,0,0,0,0,0,0,0,0,0,0,0,0,0,0,0,0,0,0,0,0,19,0,0,0,0,0,0,0,0,0,0,0,0,0,0,0,0,0,0,0,0,0,0,0,0,0,0,0,0,0,0,0,0,0,0,0,0
,"ESV_000019","CAAGCCCGCTGATAAAGATTATGGCATCCTTGTGGATTACATGTCAGGGATCATGGAGATTACCGCAGATGGTGATCTGCCCATACTCCCCACAGCCCTACAAGACATCCTAGTTTGGATGTGTGTGCTGAACTACATGGGATGGGACGAGCAGAACGGAGGGTTCGCAAACGCGCATCGCCGGTTCATGTTCTACCTGAAGCGTATGAAGAAGGACTACCTTCCTCATCCTGCTCTGGTACCCTTCTCGCTGTTTACTAATTACGACTAAGGAACCCTGCTATGGCCACTGGTGACAAATATGTACCACTCTCTGGGGGCTTAGACCTTGTTGGGAGCGCAATCAACAAGGTGCAAGGCACCCTGATTGACTGTCAGAA",,,,,,,,,,0,0,0,0,0,0,0,0,0,0,0,0,0,0,0,0,0,0,0,0,0,0,0,0,0,0,0,0,0,0,0,0,0,0,0,0,0,0,0,0,0,0,0,0,0,0,0,0,0,0,0,0,0,0,0,0,0,0,0,0,0,0,0,0,0,12,0,0,0,0,0,0,0,0,0,0,0,0,0,0,0,0,0,0,0,0,0,0,0,0,0,0,0,0,0,0
,"ESV_000020","TTCAAAGGACGGCACTGTCCTCGCTACAACCTTCAACGCCGAACAACCGGACCACCCCAATTACACCTACGAGAAACTCCCCGACCGCCCCTTCCTCGACGCCGACGAACGCCCCCAAAACCTTCTCGTCGAATCCGAAGAGGAATTCCACTGCAAAACCCTCAACAACGAAATGCACACCATCGCAGAGAAAAAAGGCTACAACCACGAACTCGCCCCTTTCGACGTAAAGGAACACTGGAAAGACAGACAGAATATCTACATCTGGACGGGCGACGACGATATCGCACGCACGGGAATCTTCCAACCTCTCGGAGCAGCACCTTCCCCCAGACAAAAGGTCGAAGGCCTCAACACCGGAGACGAACGCCTCATCTACGGAAT",,,,,,,,,,0,0,0,0,0,0,0,0,0,0,0,0,0,0,0,0,0,0,0,0,0,0,0,0,0,0,0,0,0,0,0,0,0,0,0,0,0,0,0,0,0,0,0,0,0,0,0,0,0,0,0,0,0,0,0,0,0,0,0,0,0,0,0,0,0,0,0,0,41,0,0,0,0,0,0,0,0,0,0,0,0,0,0,0,0,0,0,0,0,0,0,0,0,0,0,0
,"ESV_000021","TAAATGTCCGTGTCGCGGCGAGTGCTTGATCAATGTAGGCTTCGAAGAGTTCTGGGCCGCCATGTTTGAGGAGAGCATAGGCGCGGAGGCCTAACATCGGCCGCGTGCATTTCATCGTGCGCTTGGCTGCATTCCACCACTCTTCGGAATGATCAGCTCGCCAGAGGTAGTTGGCCTGTTGGGCGAAGGTCTGATACGAGTCCTCAGATCGCCGGAAGAGCACCGCTGTGAGCAAGCTCGGGCTGAGGAGCATCTTGTGAAAGTCTAAGATGAGGGAATCAGCGCGTTCGATGCCGGCGAGAAGTCCCTTCGCGGCTCGAGAGAAGATGAAGGCTCCTGCGTGCGCTGCATCGA",,,,,,,,,,0,0,0,0,0,0,0,0,0,0,0,0,0,0,0,0,0,0,0,0,0,0,0,0,0,0,0,0,0,0,0,0,0,0,0,0,0,0,0,0,0,0,0,0,0,0,0,0,0,0,0,0,0,0,0,0,0,0,0,0,0,0,0,0,0,0,0,0,0,0,0,0,0,0,0,0,0,0,13,0,0,0,0,0,0,0,0,0,0,0,0,0,0,0,0,0
,"ESV_000022","CATTACAAATACAGTCGAATATGACATCAAAAGGATATGCGAAACCCAGTTTGTCGGTCCCGGTCACTTAGCCAAATACATTGAGTCAGAGCAGTACATGTGCGAGAGTGTTTCAGACAACATTAAGGCAATGCTCAACGACTCCCTGGCCAAAGGCCCAAGTCGCACACCTCAGGAAATCCGAGAATTCGTGTTTCTATGGAGGCAATGGACCCTCGAGAAACTTTTTGTTACGTACAGCGTACAATTGGTCGAGAGGCATGCCGAGGAAGAAAGCACTAATCCGTATGCACGATGGATCTGCCCAGATTGTGAGCACACAAACTGCGACAAATGGACATTTTGCGGCCACTGCGGCAAGCTTGCG",,,,,,,,,,0,0,0,0,0,0,0,0,0,0,0,0,0,0,0,0,0,0,0,0,0,0,0,0,0,0,0,0,0,0,0,0,0,0,0,0,0,0,0,0,0,0,0,0,0,0,0,0,0,0,0,0,0,0,0,0,0,0,0,0,0,0,0,0,0,0,0,0,0,0,0,0,0,0,0,0,0,0,9,0,0,0,0,0,0,0,0,0,0,0,0,0,0,0,0,0
,"ESV_000023","CATTACAAATACAATCGAATATGACATCAAAAGGATATGCGAAGCCCAGTTTGTCGGTCCCGGTCACTTAGCCAAATACATTGAGTCAGAGCAGTACATGTGCGAGAGTGTTTCAGACAACATTAAGGCAATGCTCAACGACTCCCTGGCCAAAGGCCCAAGTCGCACACCTCAGGAAATCCGAGAATTCGTGTTTCTATGGAGGCAATGGACCCTCGAGAAACTTTTTGTTACGTACAGCGTACAATTGGTCGAGAGGCATGCCGAGGAAGAAAGCACTAATCCGTATGCACGATGGATCTGCCCAGATTGTGAGCACACAAACTGCGACAAATGGACATTTTGCGGCCACTGCGGCAAGCTTGCG",,,,,,,,,,0,0,0,0,0,0,0,0,0,0,0,0,0,0,0,0,0,0,0,0,0,0,0,0,0,0,0,0,0,0,0,0,0,0,0,0,0,0,0,0,0,0,0,0,0,0,0,0,0,0,0,0,0,0,0,0,0,0,0,0,0,0,0,0,0,0,0,0,0,0,0,0,0,0,0,0,0,0,0,0,0,0,13,0,0,0,0,0,0,0,0,0,0,0,0,0
,"ESV_000024","CATAAACTATTCCTTGAAAAAAGCTTATTGTACAATTACCACAACATCACAGTACTATGCCAGTATTAAAAGTAATTTATTTTAAAAACATTTTACTGTACTCATCACATACACATATACACATGCATACTAATATTTTAGTCTTCCTTGTTAATATTCATATGTACATGCTATGTATTATTGTGCATTCATTTATTTTCCATACGAGAAGTTAAAGTCCGTATTAATTATCATTAATTTTACATATTACATAATATGCATGCTCTTACATATTATATATCCTCTAACAATTTTATCTCCATTATATCCTATGGCCGCTCCATTAGATCACGAGCTTAATCACCATGCCG","Eukaryota","Chordata","Mammalia","Artiodactyla","Delphinidae","Orcaella","Orcaella brevirostris",100,1,0,0,0,0,0,0,0,0,0,0,0,0,0,0,0,0,0,0,0,0,0,0,0,0,0,0,0,0,0,0,0,0,0,0,0,0,0,0,0,0,0,0,0,0,0,0,0,0,0,0,0,0,0,0,0,0,0,0,0,0,0,0,0,0,0,0,0,0,0,0,0,0,0,0,0,0,0,0,0,0,0,0,0,0,0,0,0,0,0,0,0,0,0,0,0,8178
