Sample_Name,Biological_Replicate,Technical_Replicate,Negative_control,Positive_control,Cruise_ID_short,Cruise_ID_long,Collection_Date_UTC,Collection_Date_local,Collection_Time_UTC,Collection_Time_local,Field_Sample_Name,Cast_No.,Rosette_position,Field_collection_method,Preservation,Area.within.region,Station,Depth_m,Lat,Lon,Lat_dec_sean,Lon_dec_sean,Sample_volume_ml,Personnel_responsible_for_Collecting_Sample,Field_Notes
E1032.OC0821.PCR1,1,1,FALSE,FALSE,OC0821,OCNMS Aug 2021,NA,08/25/21,16:48,09:48,NA,TH042,1,Niskin; Sterivex 0.22µm filter,95% EtOH,Olympic Coast National Marine Sanctuary,Teahwhite Head,33.3,47˚ 52.694' N,124˚ 44.139' W,,,1000,Emily Norton and Shannon Brown,
E1032.OC0821.PCR2,1,2,FALSE,FALSE,OC0821,OCNMS Aug 2021,NA,08/25/21,16:48,09:48,NA,TH042,1,Niskin; Sterivex 0.22µm filter,95% EtOH,Olympic Coast National Marine Sanctuary,Teahwhite Head,33.3,47˚ 52.694' N,124˚ 44.139' W,,,1000,Emily Norton and Shannon Brown,
E1032.OC0821.PCR3,1,3,FALSE,FALSE,OC0821,OCNMS Aug 2021,NA,08/25/21,16:48,09:48,NA,TH042,1,Niskin; Sterivex 0.22µm filter,95% EtOH,Olympic Coast National Marine Sanctuary,Teahwhite Head,33.3,47˚ 52.694' N,124˚ 44.139' W,,,1000,Emily Norton and Shannon Brown,
E1033.OC0821.PCR1,1,1,FALSE,FALSE,OC0821,OCNMS Aug 2021,NA,08/25/21,16:48,09:48,NA,TH042,3,Niskin; Sterivex 0.22µm filter,95% EtOH,Olympic Coast National Marine Sanctuary,Teahwhite Head,33.0,47˚ 52.694' N,124˚ 44.139' W,,,1000,Emily Norton and Shannon Brown,
E1033.OC0821.PCR2,1,2,FALSE,FALSE,OC0821,OCNMS Aug 2021,NA,08/25/21,16:48,09:48,NA,TH042,3,Niskin; Sterivex 0.22µm filter,95% EtOH,Olympic Coast National Marine Sanctuary,Teahwhite Head,33.0,47˚ 52.694' N,124˚ 44.139' W,,,1000,Emily Norton and Shannon Brown,
E1033.OC0821.PCR3,1,3,FALSE,FALSE,OC0821,OCNMS Aug 2021,NA,08/25/21,16:48,09:48,NA,TH042,3,Niskin; Sterivex 0.22µm filter,95% EtOH,Olympic Coast National Marine Sanctuary,Teahwhite Head,33.0,47˚ 52.694' N,124˚ 44.139' W,,,1000,Emily Norton and Shannon Brown,
E1034.OC0821.PCR1,1,1,FALSE,FALSE,OC0821,OCNMS Aug 2021,NA,08/25/21,16:48,09:48,NA,TH042,4,Niskin; Sterivex 0.22µm filter,95% EtOH,Olympic Coast National Marine Sanctuary,Teahwhite Head,33.0,47˚ 52.694' N,124˚ 44.139' W,,,1000,Emily Norton and Shannon Brown,
E1034.OC0821.PCR2,1,2,FALSE,FALSE,OC0821,OCNMS Aug 2021,NA,08/25/21,16:48,09:48,NA,TH042,4,Niskin; Sterivex 0.22µm filter,95% EtOH,Olympic Coast National Marine Sanctuary,Teahwhite Head,33.0,47˚ 52.694' N,124˚ 44.139' W,,,1000,Emily Norton and Shannon Brown,
E1034.OC0821.PCR3,1,3,FALSE,FALSE,OC0821,OCNMS Aug 2021,NA,08/25/21,16:48,09:48,NA,TH042,4,Niskin; Sterivex 0.22µm filter,95% EtOH,Olympic Coast National Marine Sanctuary,Teahwhite Head,33.0,47˚ 52.694' N,124˚ 44.139' W,,,1000,Emily Norton and Shannon Brown,
E1053.SKQ2021,E1053.SKQ2021,1,1,FALSE,SKQ2021,SKQ21 EcoFOCI DBO,11/08/21,11/08/21,22:04,13:04,NA,DBO3.8,4,Niskin; Sterivex 0.22µm filter,95% EtOH,Chukchi Sea,DBO3.8,46.0,67˚ 40.598' N,168˚ 56.97' W,,,1000,Matt Galaska,
E1054.SKQ2021,E1054.SKQ2021,1,1,FALSE,SKQ2021,SKQ21 EcoFOCI DBO,11/08/21,11/08/21,22:04,13:04,NA,DBO3.8,10,Niskin; Sterivex 0.22µm filter,95% EtOH,Chukchi Sea,DBO3.8,30.0,67˚ 40.598' N,168˚ 56.97' W,,,1000,Matt Galaska,
E1055.SKQ2021,E1055.SKQ2021,1,1,FALSE,SKQ2021,SKQ21 EcoFOCI DBO,11/08/21,11/08/21,22:04,13:04,NA,DBO3.8,16,Niskin; Sterivex 0.22µm filter,95% EtOH,Chukchi Sea,DBO3.8,10.0,67˚ 40.598' N,168˚ 56.97' W,,,1000,Matt Galaska,
E1056.SKQ2021,E1056.SKQ2021,1,1,FALSE,SKQ2021,SKQ21 EcoFOCI DBO,11/10/21,11/09/21,2:39,17:39,NA,DBO4.1,3,Niskin; Sterivex 0.22µm filter,95% EtOH,Chukchi Sea,DBO4.1,49.0,71˚ 11.589' N,160˚ 15.884' W,,,1000,Matt Galaska,
E1057.SKQ2021,E1057.SKQ2021,1,1,FALSE,SKQ2021,SKQ21 EcoFOCI DBO,11/10/21,11/09/21,2:39,17:39,NA,DBO4.1,8,Niskin; Sterivex 0.22µm filter,95% EtOH,Chukchi Sea,DBO4.1,30.0,71˚ 11.589' N,160˚ 15.884' W,,,1000,Matt Galaska,
E1058.SKQ2021,E1058.SKQ2021,1,1,FALSE,SKQ2021,SKQ21 EcoFOCI DBO,11/10/21,11/09/21,2:39,17:39,NA,DBO4.1,14,Niskin; Sterivex 0.22µm filter,95% EtOH,Chukchi Sea,DBO4.1,10.0,71˚ 11.589' N,160˚ 15.884' W,,,1000,Matt Galaska,
E1059.SKQ2021,E1059.SKQ2021,1,1,FALSE,SKQ2021,SKQ21 EcoFOCI DBO,11/10/21,11/09/21,4:55,19:55,NA,DBO4.2,2,Niskin; Sterivex 0.22µm filter,95% EtOH,Chukchi Sea,DBO4.2,43.0,71˚ 19.308' N,160˚ 39.4' W,,,1000,Matt Galaska,
E1060.SKQ2021,E1060.SKQ2021,1,1,FALSE,SKQ2021,SKQ21 EcoFOCI DBO,11/10/21,11/09/21,4:55,19:55,NA,DBO4.2,6,Niskin; Sterivex 0.22µm filter,95% EtOH,Chukchi Sea,DBO4.2,30.0,71˚ 19.308' N,160˚ 39.4' W,,,1000,Matt Galaska,
E1061.SKQ2021,E1061.SKQ2021,1,1,FALSE,SKQ2021,SKQ21 EcoFOCI DBO,11/10/21,11/09/21,4:55,19:55,NA,DBO4.2,11,Niskin; Sterivex 0.22µm filter,95% EtOH,Chukchi Sea,DBO4.2,10.0,71˚ 19.308' N,160˚ 39.4' W,,,1000,Matt Galaska,
E1062.SKQ2021,E1062.SKQ2021,1,1,FALSE,SKQ2021,SKQ21 EcoFOCI DBO,11/10/21,11/09/21,7:19,22:19,NA,DBO4.3,2,Niskin; Sterivex 0.22µm filter,95% EtOH,Chukchi Sea,DBO4.3,43.0,71˚ 27.26' N,161˚ 2.363' W,,,1000,Matt Galaska,
E1063.SKQ2021,E1063.SKQ2021,1,1,FALSE,SKQ2021,SKQ21 EcoFOCI DBO,11/10/21,11/09/21,7:19,22:19,NA,DBO4.3,5,Niskin; Sterivex 0.22µm filter,95% EtOH,Chukchi Sea,DBO4.3,30.0,71˚ 27.26' N,161˚ 2.363' W,,,1000,Matt Galaska,
E1064.SKQ2021,E1064.SKQ2021,1,1,FALSE,SKQ2021,SKQ21 EcoFOCI DBO,11/10/21,11/09/21,7:19,22:19,NA,DBO4.3,11,Niskin; Sterivex 0.22µm filter,95% EtOH,Chukchi Sea,DBO4.3,10.0,71˚ 27.26' N,161˚ 2.363' W,,,1000,Matt Galaska,
E1065.SKQ2021,E1065.SKQ2021,1,1,FALSE,SKQ2021,SKQ21 EcoFOCI DBO,11/10/21,11/10/21,10:26,01:26,NA,DBO4.4,3,Niskin; Sterivex 0.22µm filter,95% EtOH,Chukchi Sea,DBO4.4,43.0,71˚ 35.34' N,161˚ 24.35' W,,,1000,Matt Galaska,
E1066.SKQ2021,E1066.SKQ2021,1,1,FALSE,SKQ2021,SKQ21 EcoFOCI DBO,11/10/21,11/10/21,10:26,01:26,NA,DBO4.4,5,Niskin; Sterivex 0.22µm filter,95% EtOH,Chukchi Sea,DBO4.4,30.0,71˚ 35.34' N,161˚ 24.35' W,,,1000,Matt Galaska,
E1067.SKQ2021,E1067.SKQ2021,1,1,FALSE,SKQ2021,SKQ21 EcoFOCI DBO,11/10/21,11/10/21,10:26,01:26,NA,DBO4.4,11,Niskin; Sterivex 0.22µm filter,95% EtOH,Chukchi Sea,DBO4.4,10.0,71˚ 35.34' N,161˚ 24.35' W,,,1000,Matt Galaska,
E1068.SKQ2021,E1068.SKQ2021,1,1,FALSE,SKQ2021,SKQ21 EcoFOCI DBO,11/10/21,11/10/21,12:18,03:18,NA,CEO,2,Niskin; Sterivex 0.22µm filter,95% EtOH,Chukchi Sea,CEO,42.0,71˚ 35.45' N,161˚ 31.49' W,,,1000,Matt Galaska,
E1069.SKQ2021,E1069.SKQ2021,1,1,FALSE,SKQ2021,SKQ21 EcoFOCI DBO,11/10/21,11/10/21,12:18,03:18,NA,CEO,8,Niskin; Sterivex 0.22µm filter,95% EtOH,Chukchi Sea,CEO,30.0,71˚ 35.45' N,161˚ 31.49' W,,,1000,Matt Galaska,
E1070.SKQ2021,E1070.SKQ2021,1,1,FALSE,SKQ2021,SKQ21 EcoFOCI DBO,11/10/21,11/10/21,12:18,03:18,NA,CEO,14,Niskin; Sterivex 0.22µm filter,95% EtOH,Chukchi Sea,CEO,10.0,71˚ 35.45' N,161˚ 31.49' W,,,1000,Matt Galaska,
E1071.SKQ2021,E1071.SKQ2021,1,1,FALSE,SKQ2021,SKQ21 EcoFOCI DBO,11/10/21,11/10/21,14:34,05:34,NA,DBO4.5,2,Niskin; Sterivex 0.22µm filter,95% EtOH,Arctic Ocean,DBO4.5,39.0,71˚ 43.12' N,161˚ 46.483' W,,,1000,Matt Galaska,
E1072.SKQ2021,E1072.SKQ2021,1,1,FALSE,SKQ2021,SKQ21 EcoFOCI DBO,11/10/21,11/10/21,14:34,05:34,NA,DBO4.5,5,Niskin; Sterivex 0.22µm filter,95% EtOH,Arctic Ocean,DBO4.5,30.0,71˚ 43.12' N,161˚ 46.483' W,,,1000,Matt Galaska,
E1073.SKQ2021,E1073.SKQ2021,1,1,FALSE,SKQ2021,SKQ21 EcoFOCI DBO,11/10/21,11/10/21,14:34,05:34,NA,DBO4.5,11,Niskin; Sterivex 0.22µm filter,95% EtOH,Arctic Ocean,DBO4.5,10.0,71˚ 43.12' N,161˚ 46.483' W,,,1000,Matt Galaska,
E1074.SKQ2021,E1074.SKQ2021,1,1,FALSE,SKQ2021,SKQ21 EcoFOCI DBO,11/10/21,11/10/21,18:39,09:39,NA,DBO4.6,2,Niskin; Sterivex 0.22µm filter,95% EtOH,Arctic Ocean,DBO4.6,37.0,71˚ 51.042' N,162˚ 10.215' W,,,1000,Matt Galaska,
E1075.SKQ2021,E1075.SKQ2021,1,1,FALSE,SKQ2021,SKQ21 EcoFOCI DBO,11/10/21,11/10/21,18:39,09:39,NA,DBO4.6,5,Niskin; Sterivex 0.22µm filter,95% EtOH,Arctic Ocean,DBO4.6,30.6,71˚ 51.042' N,162˚ 10.215' W,,,1000,Matt Galaska,
E1076.SKQ2021,E1076.SKQ2021,1,1,FALSE,SKQ2021,SKQ21 EcoFOCI DBO,11/10/21,11/10/21,18:39,09:39,NA,DBO4.6,11,Niskin; Sterivex 0.22µm filter,95% EtOH,Arctic Ocean,DBO4.6,10.5,71˚ 51.042' N,162˚ 10.215' W,,,1000,Matt Galaska,
E1077.SKQ2021,E1077.SKQ2021,1,1,FALSE,SKQ2021,SKQ21 EcoFOCI DBO,11/11/21,11/10/21,5:10,20:10,NA,C2,2,Niskin; Sterivex 0.22µm filter,95% EtOH,Chukchi Sea,C2,40.3,71˚ 0.00' N,164˚ 0.00' W,,,1000,Matt Galaska,
E1078.SKQ2021,E1078.SKQ2021,1,1,FALSE,SKQ2021,SKQ21 EcoFOCI DBO,11/11/21,11/10/21,5:10,20:10,NA,C2,5,Niskin; Sterivex 0.22µm filter,95% EtOH,Chukchi Sea,C2,30.4,71˚ 0.00' N,164˚ 0.00' W,,,1000,Matt Galaska,
E1079.SKQ2021,E1079.SKQ2021,1,1,FALSE,SKQ2021,SKQ21 EcoFOCI DBO,11/11/21,11/10/21,5:10,20:10,NA,C2,11,Niskin; Sterivex 0.22µm filter,95% EtOH,Chukchi Sea,C2,10.0,71˚ 0.00' N,164˚ 0.00' W,,,1000,Matt Galaska,
E1080.SKQ2021,E1080.SKQ2021,1,1,FALSE,SKQ2021,SKQ21 EcoFOCI DBO,11/12/21,11/11/21,1:21,16:21,NA,DBO3.1,2,Niskin; Sterivex 0.22µm filter,95% EtOH,Chukchi Sea,DBO3.1,30.0,68˚ 18.240' N,166˚ 55.762' W,,,1000,Matt Galaska,
E1081.SKQ2021,E1081.SKQ2021,1,1,FALSE,SKQ2021,SKQ21 EcoFOCI DBO,11/12/21,11/11/21,1:21,16:21,NA,DBO3.1,6,Niskin; Sterivex 0.22µm filter,95% EtOH,Chukchi Sea,DBO3.1,10.0,68˚ 18.240' N,166˚ 55.762' W,,,1000,Matt Galaska,
E1082.SKQ2021,E1082.SKQ2021,1,1,FALSE,SKQ2021,SKQ21 EcoFOCI DBO,11/12/21,11/11/21,3:15,18:15,NA,DBO3.2,2,Niskin; Sterivex 0.22µm filter,95% EtOH,Arctic Ocean,DBO3.2,38.4,68˚ 15.04' N,167˚ 7.305' W,,,1000,Matt Galaska,
E1083.SKQ2021,E1083.SKQ2021,1,1,FALSE,SKQ2021,SKQ21 EcoFOCI DBO,11/12/21,11/11/21,3:15,18:15,NA,DBO3.2,5,Niskin; Sterivex 0.22µm filter,95% EtOH,Arctic Ocean,DBO3.2,30.6,68˚ 15.04' N,167˚ 7.305' W,,,1000,Matt Galaska,
E1084.SKQ2021,E1084.SKQ2021,1,1,FALSE,SKQ2021,SKQ21 EcoFOCI DBO,11/12/21,11/11/21,3:15,18:15,NA,DBO3.2,11,Niskin; Sterivex 0.22µm filter,95% EtOH,Arctic Ocean,DBO3.2,9.9,68˚ 15.04' N,167˚ 7.305' W,,,1000,Matt Galaska,
E1085.SKQ2021,E1085.SKQ2021,1,1,FALSE,SKQ2021,SKQ21 EcoFOCI DBO,11/12/21,11/11/21,5:26,20:26,NA,DBO3.3,4,Niskin; Sterivex 0.22µm filter,95% EtOH,Chukchi Sea,DBO3.3,43.0,68˚ 11.431' N,167˚ 17.47' W,,,1000,Matt Galaska,
E1086.SKQ2021,E1086.SKQ2021,1,1,FALSE,SKQ2021,SKQ21 EcoFOCI DBO,11/12/21,11/11/21,5:26,20:26,NA,DBO3.3,8,Niskin; Sterivex 0.22µm filter,95% EtOH,Chukchi Sea,DBO3.3,30.0,68˚ 11.431' N,167˚ 17.47' W,,,1000,Matt Galaska,
E1087.SKQ2021,E1087.SKQ2021,1,1,FALSE,SKQ2021,SKQ21 EcoFOCI DBO,11/12/21,11/11/21,5:26,20:26,NA,DBO3.3,16,Niskin; Sterivex 0.22µm filter,95% EtOH,Chukchi Sea,DBO3.3,9.6,68˚ 11.431' N,167˚ 17.47' W,,,1000,Matt Galaska,
E1088.SKQ2021,E1088.SKQ2021,1,1,FALSE,SKQ2021,SKQ21 EcoFOCI DBO,11/12/21,11/11/21,NA,NA,NA,DBO3.4,4,Niskin; Sterivex 0.22µm filter,95% EtOH,Chukchi Sea,DBO3.4,45.0,68˚ 7.00' N,167˚ 29' W,,,1000,Matt Galaska,
E1089.SKQ2021,E1089.SKQ2021,1,1,FALSE,SKQ2021,SKQ21 EcoFOCI DBO,11/12/21,11/11/21,NA,NA,NA,DBO3.4,12,Niskin; Sterivex 0.22µm filter,95% EtOH,Chukchi Sea,DBO3.4,30.0,68˚ 7.00' N,167˚ 29' W,,,1000,Matt Galaska,
E1090.SKQ2021,E1090.SKQ2021,1,1,FALSE,SKQ2021,SKQ21 EcoFOCI DBO,11/12/21,11/11/21,NA,NA,NA,DBO3.4,20,Niskin; Sterivex 0.22µm filter,95% EtOH,Chukchi Sea,DBO3.4,10.0,68˚ 7.00' N,167˚ 29' W,,,1000,Matt Galaska,
E1091.SKQ2021,E1091.SKQ2021,1,1,FALSE,SKQ2021,SKQ21 EcoFOCI DBO,11/12/21,11/12/21,9:37,00:37,NA,DBO3.5,4,Niskin; Sterivex 0.22µm filter,95% EtOH,Chukchi Sea,DBO3.5,48.5,68˚ 0.78' N,167˚ 53.12' W,,,1000,Matt Galaska,
E1092.SKQ2021,E1092.SKQ2021,1,1,FALSE,SKQ2021,SKQ21 EcoFOCI DBO,11/12/21,11/12/21,9:37,00:37,NA,DBO3.5,12,Niskin; Sterivex 0.22µm filter,95% EtOH,Chukchi Sea,DBO3.5,30.6,68˚ 0.78' N,167˚ 53.12' W,,,1000,Matt Galaska,
E1093.SKQ2021,E1093.SKQ2021,1,1,FALSE,SKQ2021,SKQ21 EcoFOCI DBO,11/12/21,11/12/21,9:37,00:37,NA,DBO3.5,20,Niskin; Sterivex 0.22µm filter,95% EtOH,Chukchi Sea,DBO3.5,10.2,68˚ 0.78' N,167˚ 53.12' W,,,1000,Matt Galaska,
E1094.SKQ2021,E1094.SKQ2021,1,1,FALSE,SKQ2021,SKQ21 EcoFOCI DBO,11/12/21,11/12/21,12:56,03:56,NA,DBO3.6,4,Niskin; Sterivex 0.22µm filter,95% EtOH,Chukchi Sea,DBO3.6,52.7,68˚ 53.00' N,167˚ 13' W,,,1000,Matt Galaska,
E1095.SKQ2021,E1095.SKQ2021,1,1,FALSE,SKQ2021,SKQ21 EcoFOCI DBO,11/12/21,11/12/21,12:56,03:56,NA,DBO3.6,12,Niskin; Sterivex 0.22µm filter,95% EtOH,Chukchi Sea,DBO3.6,30.3,68˚ 53.00' N,167˚ 13' W,,,1000,Matt Galaska,
E1096.SKQ2021,E1096.SKQ2021,1,1,FALSE,SKQ2021,SKQ21 EcoFOCI DBO,11/12/21,11/12/21,12:56,03:56,NA,DBO3.6,20,Niskin; Sterivex 0.22µm filter,95% EtOH,Chukchi Sea,DBO3.6,10.3,68˚ 53.00' N,167˚ 13' W,,,1000,Matt Galaska,
E1097.SKQ2021,E1097.SKQ2021,1,1,FALSE,SKQ2021,SKQ21 EcoFOCI DBO,11/12/21,11/12/21,15:39,06:39,NA,DBO3.7,4,Niskin; Sterivex 0.22µm filter,95% EtOH,Chukchi Sea,DBO3.7,45.0,67˚ 46.97' N,168˚ 35.698' W,,,1000,Matt Galaska,
E1098.SKQ2021,E1098.SKQ2021,1,1,FALSE,SKQ2021,SKQ21 EcoFOCI DBO,11/12/21,11/12/21,15:39,06:39,NA,DBO3.7,12,Niskin; Sterivex 0.22µm filter,95% EtOH,Chukchi Sea,DBO3.7,30.0,67˚ 46.97' N,168˚ 35.698' W,,,1000,Matt Galaska,
E1099.SKQ2021,E1099.SKQ2021,1,1,FALSE,SKQ2021,SKQ21 EcoFOCI DBO,11/12/21,11/12/21,15:39,06:39,NA,DBO3.7,20,Niskin; Sterivex 0.22µm filter,95% EtOH,Chukchi Sea,DBO3.7,10.0,67˚ 46.97' N,168˚ 35.698' W,,,1000,Matt Galaska,
E1100.SKQ2021,E1100.SKQ2021,1,1,FALSE,SKQ2021,SKQ21 EcoFOCI DBO,11/14/21,11/14/21,9:51,00:51,NA,M8,2,Niskin; Sterivex 0.22µm filter,95% EtOH,Bering Sea,M8,68.4,62˚ 12.08' N,174˚ 40.80' W,,,1000,Matt Galaska,
E1101.SKQ2021,E1101.SKQ2021,1,1,FALSE,SKQ2021,SKQ21 EcoFOCI DBO,11/14/21,11/14/21,9:51,00:51,NA,M8,11,Niskin; Sterivex 0.22µm filter,95% EtOH,Bering Sea,M8,31.1,62˚ 12.08' N,174˚ 40.80' W,,,1000,Matt Galaska,
E1102.SKQ2021,E1102.SKQ2021,1,1,FALSE,SKQ2021,SKQ21 EcoFOCI DBO,11/14/21,11/14/21,9:51,00:51,NA,M8,17,Niskin; Sterivex 0.22µm filter,95% EtOH,Bering Sea,M8,10.0,62˚ 12.08' N,174˚ 40.80' W,,,1000,Matt Galaska,
E1103.SKQ2021,E1103.SKQ2021,1,1,FALSE,SKQ2021,SKQ21 EcoFOCI DBO,11/14/21,11/14/21,12:06,03:06,NA,DBO1.1,3,Niskin; Sterivex 0.22µm filter,95% EtOH,Bering Sea,DBO1.1,73.9,62˚ 0.00' N,175˚ 04' W,,,1000,Matt Galaska,
E1104.SKQ2021,E1104.SKQ2021,1,1,FALSE,SKQ2021,SKQ21 EcoFOCI DBO,11/14/21,11/14/21,12:06,03:06,NA,DBO1.1,12,Niskin; Sterivex 0.22µm filter,95% EtOH,Bering Sea,DBO1.1,30.3,62˚ 0.00' N,175˚ 04' W,,,1000,Matt Galaska,
E1105.SKQ2021,E1105.SKQ2021,1,1,FALSE,SKQ2021,SKQ21 EcoFOCI DBO,11/14/21,11/14/21,12:06,03:06,NA,DBO1.1,18,Niskin; Sterivex 0.22µm filter,95% EtOH,Bering Sea,DBO1.1,9.8,62˚ 0.00' N,175˚ 04' W,,,1000,Matt Galaska,
E1106.SKQ2021,E1106.SKQ2021,1,1,FALSE,SKQ2021,SKQ21 EcoFOCI DBO,11/14/21,11/14/21,14:06,05:06,NA,DBO1.2,3,Niskin; Sterivex 0.22µm filter,95% EtOH,Bering Sea,DBO1.2,75.9,62˚ 2.957' N,175˚ 12.518' W,,,1000,Matt Galaska,
E1107.SKQ2021,E1107.SKQ2021,1,1,FALSE,SKQ2021,SKQ21 EcoFOCI DBO,11/14/21,11/14/21,14:06,05:06,NA,DBO1.2,12,Niskin; Sterivex 0.22µm filter,95% EtOH,Bering Sea,DBO1.2,30.8,62˚ 2.957' N,175˚ 12.518' W,,,1000,Matt Galaska,
E1108.SKQ2021,E1108.SKQ2021,1,1,FALSE,SKQ2021,SKQ21 EcoFOCI DBO,11/14/21,11/14/21,14:06,05:06,NA,DBO1.2,18,Niskin; Sterivex 0.22µm filter,95% EtOH,Bering Sea,DBO1.2,10.0,62˚ 2.957' N,175˚ 12.518' W,,,1000,Matt Galaska,
E1109.SKQ2021,E1109.SKQ2021,1,1,FALSE,SKQ2021,SKQ21 EcoFOCI DBO,11/14/21,11/14/21,17:01,08:01,NA,DBO1.3,3,Niskin; Sterivex 0.22µm filter,95% EtOH,Bering Sea,DBO1.3,69.7,62˚ 13.2' N,174˚ 52.67' W,,,1000,Matt Galaska,
E1110.SKQ2021,E1110.SKQ2021,1,1,FALSE,SKQ2021,SKQ21 EcoFOCI DBO,11/14/21,11/14/21,17:01,08:01,NA,DBO1.3,12,Niskin; Sterivex 0.22µm filter,95% EtOH,Bering Sea,DBO1.3,30.5,62˚ 13.2' N,174˚ 52.67' W,,,1000,Matt Galaska,
E1111.SKQ2021,E1111.SKQ2021,1,1,FALSE,SKQ2021,SKQ21 EcoFOCI DBO,11/14/21,11/14/21,17:01,08:01,NA,DBO1.3,18,Niskin; Sterivex 0.22µm filter,95% EtOH,Bering Sea,DBO1.3,9.9,62˚ 13.2' N,174˚ 52.67' W,,,1000,Matt Galaska,
E1112.SKQ2021,E1112.SKQ2021,1,1,FALSE,SKQ2021,SKQ21 EcoFOCI DBO,11/14/21,11/14/21,18:58,09:58,NA,DBO1.4,3,Niskin; Sterivex 0.22µm filter,95% EtOH,Bering Sea,DBO1.4,65.4,62˚ 23.42' N,174˚ 34.296' W,,,1000,Matt Galaska,
E1113.SKQ2021,E1113.SKQ2021,1,1,FALSE,SKQ2021,SKQ21 EcoFOCI DBO,11/14/21,11/14/21,18:58,09:58,NA,DBO1.4,12,Niskin; Sterivex 0.22µm filter,95% EtOH,Bering Sea,DBO1.4,30.3,62˚ 23.42' N,174˚ 34.296' W,,,1000,Matt Galaska,
E1114.SKQ2021,E1114.SKQ2021,1,1,FALSE,SKQ2021,SKQ21 EcoFOCI DBO,11/14/21,11/14/21,18:58,09:58,NA,DBO1.4,18,Niskin; Sterivex 0.22µm filter,95% EtOH,Bering Sea,DBO1.4,10.2,62˚ 23.42' N,174˚ 34.296' W,,,1000,Matt Galaska,
E1115.SKQ2021,E1115.SKQ2021,1,1,FALSE,SKQ2021,SKQ21 EcoFOCI DBO,11/14/21,11/14/21,22:19,13:19,NA,DBO1.5,3,Niskin; Sterivex 0.22µm filter,95% EtOH,Bering Sea,DBO1.5,62.6,62˚ 28.1' N,174˚ 5.07' W,,,1000,Matt Galaska,
E1116.SKQ2021,E1116.SKQ2021,1,1,FALSE,SKQ2021,SKQ21 EcoFOCI DBO,11/14/21,11/14/21,22:19,13:19,NA,DBO1.5,12,Niskin; Sterivex 0.22µm filter,95% EtOH,Bering Sea,DBO1.5,29.5,62˚ 28.1' N,174˚ 5.07' W,,,1000,Matt Galaska,
E1117.SKQ2021,E1117.SKQ2021,1,1,FALSE,SKQ2021,SKQ21 EcoFOCI DBO,11/14/21,11/14/21,22:19,13:19,NA,DBO1.5,18,Niskin; Sterivex 0.22µm filter,95% EtOH,Bering Sea,DBO1.5,9.8,62˚ 28.1' N,174˚ 5.07' W,,,1000,Matt Galaska,
E1118.SKQ2021,E1118.SKQ2021,1,1,FALSE,SKQ2021,SKQ21 EcoFOCI DBO,11/15/21,11/14/21,0:00,15:00,NA,DBO1.6,3,Niskin; Sterivex 0.22µm filter,95% EtOH,Bering Sea,DBO1.6,60.2,62˚ 33.63' N,173˚ 33.027' W,,,1000,Matt Galaska,
E1119.SKQ2021,E1119.SKQ2021,1,1,FALSE,SKQ2021,SKQ21 EcoFOCI DBO,11/15/21,11/14/21,0:00,15:00,NA,DBO1.6,12,Niskin; Sterivex 0.22µm filter,95% EtOH,Bering Sea,DBO1.6,30.6,62˚ 33.63' N,173˚ 33.027' W,,,1000,Matt Galaska,
E1120.SKQ2021,E1120.SKQ2021,1,1,FALSE,SKQ2021,SKQ21 EcoFOCI DBO,11/15/21,11/14/21,0:00,15:00,NA,DBO1.6,18,Niskin; Sterivex 0.22µm filter,95% EtOH,Bering Sea,DBO1.6,10.9,62˚ 33.63' N,173˚ 33.027' W,,,1000,Matt Galaska,
E1121.SKQ2021,E1121.SKQ2021,1,1,FALSE,SKQ2021,SKQ21 EcoFOCI DBO,11/15/21,11/14/21,3:51,18:51,NA,DBO1.7,3,Niskin; Sterivex 0.22µm filter,95% EtOH,Bering Sea,DBO1.7,65.6,62˚ 47.25' N,173˚ 30.025' W,,,1000,Matt Galaska,
E1122.SKQ2021,E1122.SKQ2021,1,1,FALSE,SKQ2021,SKQ21 EcoFOCI DBO,11/15/21,11/14/21,3:51,18:51,NA,DBO1.7,12,Niskin; Sterivex 0.22µm filter,95% EtOH,Bering Sea,DBO1.7,31.2,62˚ 47.25' N,173˚ 30.025' W,,,1000,Matt Galaska,
E1123.SKQ2021,E1123.SKQ2021,1,1,FALSE,SKQ2021,SKQ21 EcoFOCI DBO,11/15/21,11/14/21,3:51,18:51,NA,DBO1.7,18,Niskin; Sterivex 0.22µm filter,95% EtOH,Bering Sea,DBO1.7,10.9,62˚ 47.25' N,173˚ 30.025' W,,,1000,Matt Galaska,
E1124.SKQ2021,E1124.SKQ2021,1,1,FALSE,SKQ2021,SKQ21 EcoFOCI DBO,11/15/21,11/14/21,5:50,20:50,NA,DBO1.8,3,Niskin; Sterivex 0.22µm filter,95% EtOH,Bering Sea,DBO1.8,64.9,63˚ 1.81' N,173˚ 27.66' W,,,1000,Matt Galaska,
E1125.SKQ2021,E1125.SKQ2021,1,1,FALSE,SKQ2021,SKQ21 EcoFOCI DBO,11/15/21,11/14/21,5:50,20:50,NA,DBO1.8,12,Niskin; Sterivex 0.22µm filter,95% EtOH,Bering Sea,DBO1.8,30.4,63˚ 1.81' N,173˚ 27.66' W,,,1000,Matt Galaska,
E1126.SKQ2021,E1126.SKQ2021,1,1,FALSE,SKQ2021,SKQ21 EcoFOCI DBO,11/15/21,11/14/21,5:50,20:50,NA,DBO1.8,18,Niskin; Sterivex 0.22µm filter,95% EtOH,Bering Sea,DBO1.8,10.8,63˚ 1.81' N,173˚ 27.66' W,,,1000,Matt Galaska,
E1127.SKQ2021,E1127.SKQ2021,1,1,FALSE,SKQ2021,SKQ21 EcoFOCI DBO,11/15/21,11/15/21,9:34,00:34,NA,DBO1.9,3,Niskin; Sterivex 0.22µm filter,95% EtOH,Bering Sea,DBO1.9,60.9,63˚ 16.7' N,173˚ 16.86' W,,,1000,Matt Galaska,
E1128.SKQ2021,E1128.SKQ2021,1,1,FALSE,SKQ2021,SKQ21 EcoFOCI DBO,11/15/21,11/15/21,9:34,00:34,NA,DBO1.9,12,Niskin; Sterivex 0.22µm filter,95% EtOH,Bering Sea,DBO1.9,30.6,63˚ 16.7' N,173˚ 16.86' W,,,1000,Matt Galaska,
E1129.SKQ2021,E1129.SKQ2021,1,1,FALSE,SKQ2021,SKQ21 EcoFOCI DBO,11/15/21,11/15/21,9:34,00:34,NA,DBO1.9,18,Niskin; Sterivex 0.22µm filter,95% EtOH,Bering Sea,DBO1.9,10.6,63˚ 16.7' N,173˚ 16.86' W,,,1000,Matt Galaska,
E1130.SKQ2021,E1130.SKQ2021,1,1,FALSE,SKQ2021,SKQ21 EcoFOCI DBO,11/15/21,11/15/21,12:54,03:54,NA,DBO1.10,3,Niskin; Sterivex 0.22µm filter,95% EtOH,Bering Sea,DBO1.10,45.5,63˚ 36.29' N,172˚ 35.59' W,,,1000,Matt Galaska,
E1131.SKQ2021,E1131.SKQ2021,1,1,FALSE,SKQ2021,SKQ21 EcoFOCI DBO,11/15/21,11/15/21,12:54,03:54,NA,DBO1.10,9,Niskin; Sterivex 0.22µm filter,95% EtOH,Bering Sea,DBO1.10,29.7,63˚ 36.29' N,172˚ 35.59' W,,,1000,Matt Galaska,
E1132.SKQ2021,E1132.SKQ2021,1,1,FALSE,SKQ2021,SKQ21 EcoFOCI DBO,11/15/21,11/15/21,12:54,03:54,NA,DBO1.10,15,Niskin; Sterivex 0.22µm filter,95% EtOH,Bering Sea,DBO1.10,10.5,63˚ 36.29' N,172˚ 35.59' W,,,1000,Matt Galaska,
E1133.SKQ2021,E1133.SKQ2021,1,1,FALSE,SKQ2021,SKQ21 EcoFOCI DBO,11/15/21,11/15/21,21:20,12:20,NA,DBO2.1,3,Niskin; Sterivex 0.22µm filter,95% EtOH,Bering Sea,DBO2.1,42.6,64˚ 40.21' N,169˚ 55.122' W,,,1000,Matt Galaska,
E1134.SKQ2021,E1134.SKQ2021,1,1,FALSE,SKQ2021,SKQ21 EcoFOCI DBO,11/15/21,11/15/21,21:20,12:20,NA,DBO2.1,6,Niskin; Sterivex 0.22µm filter,95% EtOH,Bering Sea,DBO2.1,30.1,64˚ 40.21' N,169˚ 55.122' W,,,1000,Matt Galaska,
E1135.SKQ2021,E1135.SKQ2021,1,1,FALSE,SKQ2021,SKQ21 EcoFOCI DBO,11/15/21,11/15/21,21:20,12:20,NA,DBO2.1,12,Niskin; Sterivex 0.22µm filter,95% EtOH,Bering Sea,DBO2.1,10.4,64˚ 40.21' N,169˚ 55.122' W,,,1000,Matt Galaska,
E1136.SKQ2021,E1136.SKQ2021,1,1,FALSE,SKQ2021,SKQ21 EcoFOCI DBO,11/16/21,11/15/21,0:44,15:44,NA,DBO2.2,3,Niskin; Sterivex 0.22µm filter,95% EtOH,Bering Sea,DBO2.2,40.8,64˚ 40.8' N,169˚ 6.04' W,,,1000,Matt Galaska,
E1137.SKQ2021,E1137.SKQ2021,1,1,FALSE,SKQ2021,SKQ21 EcoFOCI DBO,11/16/21,11/15/21,0:44,15:44,NA,DBO2.2,6,Niskin; Sterivex 0.22µm filter,95% EtOH,Bering Sea,DBO2.2,30.2,64˚ 40.8' N,169˚ 6.04' W,,,1000,Matt Galaska,
E1138.SKQ2021,E1138.SKQ2021,1,1,FALSE,SKQ2021,SKQ21 EcoFOCI DBO,11/16/21,11/15/21,0:44,15:44,NA,DBO2.2,12,Niskin; Sterivex 0.22µm filter,95% EtOH,Bering Sea,DBO2.2,10.0,64˚ 40.8' N,169˚ 6.04' W,,,1000,Matt Galaska,
E1139.SKQ2021,E1139.SKQ2021,1,1,FALSE,SKQ2021,SKQ21 EcoFOCI DBO,11/16/21,11/15/21,7:03,22:03,NA,DBO2.5,3,Niskin; Sterivex 0.22µm filter,95% EtOH,Bering Sea,DBO2.5,44.4,64˚ 59.39' N,169˚ 8.39' W,,,1000,Matt Galaska,
E1140.SKQ2021,E1140.SKQ2021,1,1,FALSE,SKQ2021,SKQ21 EcoFOCI DBO,11/16/21,11/15/21,7:03,22:03,NA,DBO2.5,6,Niskin; Sterivex 0.22µm filter,95% EtOH,Bering Sea,DBO2.5,30.5,64˚ 59.39' N,169˚ 8.39' W,,,1000,Matt Galaska,
E1141.SKQ2021,E1141.SKQ2021,1,1,FALSE,SKQ2021,SKQ21 EcoFOCI DBO,11/16/21,11/15/21,7:03,22:03,NA,DBO2.5,12,Niskin; Sterivex 0.22µm filter,95% EtOH,Bering Sea,DBO2.5,10.4,64˚ 59.39' N,169˚ 8.39' W,,,1000,Matt Galaska,
E1142.SKQ2021,E1142.SKQ2021,1,1,FALSE,SKQ2021,SKQ21 EcoFOCI DBO,11/16/21,11/16/21,10:31,01:31,NA,DBO2.4,3,Niskin; Sterivex 0.22µm filter,95% EtOH,Bering Sea,DBO2.4,44.0,64˚ 57.53' N,169˚ 52.82' W,,,1000,Matt Galaska,
E1143.SKQ2021,E1143.SKQ2021,1,1,FALSE,SKQ2021,SKQ21 EcoFOCI DBO,11/16/21,11/16/21,10:31,01:31,NA,DBO2.4,6,Niskin; Sterivex 0.22µm filter,95% EtOH,Bering Sea,DBO2.4,30.4,64˚ 57.53' N,169˚ 52.82' W,,,1000,Matt Galaska,
E1144.SKQ2021,E1144.SKQ2021,1,1,FALSE,SKQ2021,SKQ21 EcoFOCI DBO,11/16/21,11/16/21,10:31,01:31,NA,DBO2.4,12,Niskin; Sterivex 0.22µm filter,95% EtOH,Bering Sea,DBO2.4,10.2,64˚ 57.53' N,169˚ 52.82' W,,,1000,Matt Galaska,
E1145.SKQ2021,E1145.SKQ2021,1,1,FALSE,SKQ2021,SKQ21 EcoFOCI DBO,11/16/21,11/16/21,16:31,07:31,NA,DBO2.3,3,Niskin; Sterivex 0.22µm filter,95% EtOH,Bering Sea,DBO2.3,33.7,64˚ 40.19' N,168˚ 14.14' W,,,1000,Matt Galaska,
E1146.SKQ2021,E1146.SKQ2021,1,1,FALSE,SKQ2021,SKQ21 EcoFOCI DBO,11/16/21,11/16/21,16:31,07:31,NA,DBO2.3,9,Niskin; Sterivex 0.22µm filter,95% EtOH,Bering Sea,DBO2.3,10.2,64˚ 40.19' N,168˚ 14.14' W,,,1000,Matt Galaska,
E1172.OC0622,1,1,FALSE,FALSE,OC0622,OCNMS June 2022,NA,06/21/22,NA,13:28,NA,TH042,1,Niskin; Sterivex 0.22µm filter,95% EtOH,Olympic Coast National Marine Sanctuary,Teahwhit Head,32.4,47˚ 52.699' N,124˚ 44.187' W,,,1000,Shannon Brown,
E1173.OC0622,1,1,FALSE,FALSE,OC0622,OCNMS June 2022,NA,06/21/22,NA,13:28,NA,TH042,2,Niskin; Sterivex 0.22µm filter,95% EtOH,Olympic Coast National Marine Sanctuary,Teahwhit Head,32.2,47˚ 52.699' N,124˚ 44.187' W,,,1000,Shannon Brown,Niskin failed leak test
E1174.OC0622,1,1,FALSE,FALSE,OC0622,OCNMS June 2022,NA,06/21/22,NA,13:28,NA,TH042,4,Niskin; Sterivex 0.22µm filter,95% EtOH,Olympic Coast National Marine Sanctuary,Teahwhit Head,32.5,47˚ 52.699' N,124˚ 44.187' W,,,1000,Shannon Brown,
E1229.OC0822.PCR1,1,1,FALSE,FALSE,OC0822,OCNMS August 2022,NA,08/22/22,NA,10:59,NA,TH042,2,Niskin; Sterivex 0.22µm filter,95% EtOH,Olympic Coast National Marine Sanctuary,Teahwhit Head,32.8,47˚ 52.532' N,124˚ 43.992' W,,,1000,Sean McAllister ,
E1229.OC0822.PCR2,1,2,FALSE,FALSE,OC0822,OCNMS August 2022,NA,08/22/22,NA,10:59,NA,TH042,2,Niskin; Sterivex 0.22µm filter,95% EtOH,Olympic Coast National Marine Sanctuary,Teahwhit Head,32.8,47˚ 52.532' N,124˚ 43.992' W,,,1000,Sean McAllister ,
E1229.OC0822.PCR3,1,3,FALSE,FALSE,OC0822,OCNMS August 2022,NA,08/22/22,NA,10:59,NA,TH042,2,Niskin; Sterivex 0.22µm filter,95% EtOH,Olympic Coast National Marine Sanctuary,Teahwhit Head,32.8,47˚ 52.532' N,124˚ 43.992' W,,,1000,Sean McAllister ,
E1230.OC0822.PCR1,1,1,FALSE,FALSE,OC0822,OCNMS August 2022,NA,08/22/22,NA,10:59,NA,TH042,3,Niskin; Sterivex 0.22µm filter,95% EtOH,Olympic Coast National Marine Sanctuary,Teahwhit Head,32.9,47˚ 52.532' N,124˚ 43.992' W,,,1000,Sean McAllister ,
E1230.OC0822.PCR2,1,2,FALSE,FALSE,OC0822,OCNMS August 2022,NA,08/22/22,NA,10:59,NA,TH042,3,Niskin; Sterivex 0.22µm filter,95% EtOH,Olympic Coast National Marine Sanctuary,Teahwhit Head,32.9,47˚ 52.532' N,124˚ 43.992' W,,,1000,Sean McAllister ,
E1230.OC0822.PCR3,1,3,FALSE,FALSE,OC0822,OCNMS August 2022,NA,08/22/22,NA,10:59,NA,TH042,3,Niskin; Sterivex 0.22µm filter,95% EtOH,Olympic Coast National Marine Sanctuary,Teahwhit Head,32.9,47˚ 52.532' N,124˚ 43.992' W,,,1000,Sean McAllister ,
E1231.OC0822.PCR1,1,1,FALSE,FALSE,OC0822,OCNMS August 2022,NA,08/22/22,NA,10:59,NA,TH042,4,Niskin; Sterivex 0.22µm filter,95% EtOH,Olympic Coast National Marine Sanctuary,Teahwhit Head,33.0,47˚ 52.532' N,124˚ 43.992' W,,,1000,Sean McAllister ,
E1231.OC0822.PCR2,1,2,FALSE,FALSE,OC0822,OCNMS August 2022,NA,08/22/22,NA,10:59,NA,TH042,4,Niskin; Sterivex 0.22µm filter,95% EtOH,Olympic Coast National Marine Sanctuary,Teahwhit Head,33.0,47˚ 52.532' N,124˚ 43.992' W,,,1000,Sean McAllister ,
E1231.OC0822.PCR3,1,3,FALSE,FALSE,OC0822,OCNMS August 2022,NA,08/22/22,NA,10:59,NA,TH042,4,Niskin; Sterivex 0.22µm filter,95% EtOH,Olympic Coast National Marine Sanctuary,Teahwhit Head,33.0,47˚ 52.532' N,124˚ 43.992' W,,,1000,Sean McAllister ,
E1240.OC0922,1,1,FALSE,FALSE,OC0922,OCNMS Sept 2022,NA,08/23/22,NA,0:00,NA,TH042,Port 1,PPS Unit; Programmed Sampling,95% EtOH,Olympic Coast National Marine Sanctuary,Teahwhit Head,34.0,47˚ 52.467' N,124˚ 44.070' W,,,1000,Matt Galaska,"Note that this tube was found at the bottom of cooler on 10/4/22, so was sitting at RT since return from cruise. Placed in -20 freezer after that date."
E1241.OC0922,1,1,FALSE,FALSE,OC0922,OCNMS Sept 2022,NA,08/23/22,NA,12:00,NA,TH042,Port 2,PPS Unit; Programmed Sampling,95% EtOH,Olympic Coast National Marine Sanctuary,Teahwhit Head,34.0,47˚ 52.467' N,124˚ 44.070' W,,,1000,Matt Galaska,
E1242.OC0922,1,1,FALSE,FALSE,OC0922,OCNMS Sept 2022,NA,08/24/22,NA,0:00,NA,TH042,Port 3,PPS Unit; Programmed Sampling,95% EtOH,Olympic Coast National Marine Sanctuary,Teahwhit Head,34.0,47˚ 52.467' N,124˚ 44.070' W,,,1000,Matt Galaska,
E1243.OC0922,1,1,FALSE,FALSE,OC0922,OCNMS Sept 2022,NA,08/24/22,NA,12:00,NA,TH042,Port 4,PPS Unit; Programmed Sampling,95% EtOH,Olympic Coast National Marine Sanctuary,Teahwhit Head,34.0,47˚ 52.467' N,124˚ 44.070' W,,,1000,Matt Galaska,
E1244.OC0922,1,1,FALSE,FALSE,OC0922,OCNMS Sept 2022,NA,08/25/22,NA,0:00,NA,TH042,Port 5,PPS Unit; Programmed Sampling,95% EtOH,Olympic Coast National Marine Sanctuary,Teahwhit Head,34.0,47˚ 52.467' N,124˚ 44.070' W,,,1000,Matt Galaska,
E1245.OC0922,1,1,FALSE,FALSE,OC0922,OCNMS Sept 2022,NA,08/26/22,NA,12:00,NA,TH042,Port 6,PPS Unit; Programmed Sampling,95% EtOH,Olympic Coast National Marine Sanctuary,Teahwhit Head,34.0,47˚ 52.467' N,124˚ 44.070' W,,,1000,Matt Galaska,
E1246.OC0922,1,1,FALSE,FALSE,OC0922,OCNMS Sept 2022,NA,08/28/22,NA,0:00,NA,TH042,Port 7,PPS Unit; Programmed Sampling,95% EtOH,Olympic Coast National Marine Sanctuary,Teahwhit Head,34.0,47˚ 52.467' N,124˚ 44.070' W,,,1000,Matt Galaska,
E1247.OC0922,1,1,FALSE,FALSE,OC0922,OCNMS Sept 2022,NA,08/29/22,NA,12:00,NA,TH042,Port 8,PPS Unit; Programmed Sampling,95% EtOH,Olympic Coast National Marine Sanctuary,Teahwhit Head,34.0,47˚ 52.467' N,124˚ 44.070' W,,,1000,Matt Galaska,
E1248.OC0922,1,1,FALSE,FALSE,OC0922,OCNMS Sept 2022,NA,08/31/22,NA,0:00,NA,TH042,Port 9,PPS Unit; Programmed Sampling,95% EtOH,Olympic Coast National Marine Sanctuary,Teahwhit Head,34.0,47˚ 52.467' N,124˚ 44.070' W,,,1000,Matt Galaska,
E1249.OC0922,1,1,FALSE,FALSE,OC0922,OCNMS Sept 2022,NA,09/01/22,NA,12:00,NA,TH042,Port 10,PPS Unit; Programmed Sampling,95% EtOH,Olympic Coast National Marine Sanctuary,Teahwhit Head,34.0,47˚ 52.467' N,124˚ 44.070' W,,,1000,Matt Galaska,
E1250.OC0922,1,1,FALSE,FALSE,OC0922,OCNMS Sept 2022,NA,09/03/22,NA,0:00,NA,TH042,Port 11,PPS Unit; Programmed Sampling,95% EtOH,Olympic Coast National Marine Sanctuary,Teahwhit Head,34.0,47˚ 52.467' N,124˚ 44.070' W,,,1000,Matt Galaska,
E1251.OC0922,1,1,FALSE,FALSE,OC0922,OCNMS Sept 2022,NA,09/04/22,NA,12:00,NA,TH042,Port 12,PPS Unit; Programmed Sampling,95% EtOH,Olympic Coast National Marine Sanctuary,Teahwhit Head,34.0,47˚ 52.467' N,124˚ 44.070' W,,,1000,Matt Galaska,
E1252.OC0922,1,1,FALSE,FALSE,OC0922,OCNMS Sept 2022,NA,09/06/22,NA,0:00,NA,TH042,Port 13,PPS Unit; Programmed Sampling,95% EtOH,Olympic Coast National Marine Sanctuary,Teahwhit Head,34.0,47˚ 52.467' N,124˚ 44.070' W,,,1000,Matt Galaska,
E1253.OC0922,1,1,FALSE,FALSE,OC0922,OCNMS Sept 2022,NA,09/07/22,NA,12:00,NA,TH042,Port 14,PPS Unit; Programmed Sampling,95% EtOH,Olympic Coast National Marine Sanctuary,Teahwhit Head,34.0,47˚ 52.467' N,124˚ 44.070' W,,,1000,Matt Galaska,
E1254.OC0922,1,1,FALSE,FALSE,OC0922,OCNMS Sept 2022,NA,09/09/22,NA,0:00,NA,TH042,Port 15,PPS Unit; Programmed Sampling,95% EtOH,Olympic Coast National Marine Sanctuary,Teahwhit Head,34.0,47˚ 52.467' N,124˚ 44.070' W,,,1000,Matt Galaska,
E1255.OC0922,1,1,FALSE,FALSE,OC0922,OCNMS Sept 2022,NA,09/10/22,NA,12:00,NA,TH042,Port 16,PPS Unit; Programmed Sampling,95% EtOH,Olympic Coast National Marine Sanctuary,Teahwhit Head,34.0,47˚ 52.467' N,124˚ 44.070' W,,,1000,Matt Galaska,
E1256.OC0922,1,1,FALSE,FALSE,OC0922,OCNMS Sept 2022,NA,09/12/22,NA,0:00,NA,TH042,Port 17,PPS Unit; Programmed Sampling,95% EtOH,Olympic Coast National Marine Sanctuary,Teahwhit Head,34.0,47˚ 52.467' N,124˚ 44.070' W,,,1000,Matt Galaska,
E1257.OC0922,1,1,FALSE,FALSE,OC0922,OCNMS Sept 2022,NA,09/13/22,NA,12:00,NA,TH042,Port 18,PPS Unit; Programmed Sampling,95% EtOH,Olympic Coast National Marine Sanctuary,Teahwhit Head,34.0,47˚ 52.467' N,124˚ 44.070' W,,,1000,Matt Galaska,
E1258.OC0922,1,1,FALSE,FALSE,OC0922,OCNMS Sept 2022,NA,09/15/22,NA,0:00,NA,TH042,Port 19,PPS Unit; Programmed Sampling,95% EtOH,Olympic Coast National Marine Sanctuary,Teahwhit Head,34.0,47˚ 52.467' N,124˚ 44.070' W,,,1000,Matt Galaska,
E1259.OC0922,1,1,FALSE,FALSE,OC0922,OCNMS Sept 2022,NA,09/16/22,NA,12:00,NA,TH042,Port 20,PPS Unit; Programmed Sampling,95% EtOH,Olympic Coast National Marine Sanctuary,Teahwhit Head,34.0,47˚ 52.467' N,124˚ 44.070' W,,,1000,Matt Galaska,
E1260.OC0922,1,1,FALSE,FALSE,OC0922,OCNMS Sept 2022,NA,09/17/22,NA,0:00,NA,TH042,Port 21,PPS Unit; Programmed Sampling,95% EtOH,Olympic Coast National Marine Sanctuary,Teahwhit Head,34.0,47˚ 52.467' N,124˚ 44.070' W,,,1000,Matt Galaska,
E1261.OC0922,1,1,FALSE,FALSE,OC0922,OCNMS Sept 2022,NA,09/17/22,NA,12:00,NA,TH042,Port 22,PPS Unit; Programmed Sampling,95% EtOH,Olympic Coast National Marine Sanctuary,Teahwhit Head,34.0,47˚ 52.467' N,124˚ 44.070' W,,,1000,Matt Galaska,
E1262.OC0922,1,1,FALSE,FALSE,OC0922,OCNMS Sept 2022,NA,09/18/22,NA,0:00,NA,TH042,Port 23,PPS Unit; Programmed Sampling,95% EtOH,Olympic Coast National Marine Sanctuary,Teahwhit Head,34.0,47˚ 52.467' N,124˚ 44.070' W,,,1000,Matt Galaska,
E1263.OC0922,1,1,FALSE,FALSE,OC0922,OCNMS Sept 2022,NA,09/18/22,NA,12:00,NA,TH042,Port 24,PPS Unit; Programmed Sampling,95% EtOH,Olympic Coast National Marine Sanctuary,Teahwhit Head,34.0,47˚ 52.467' N,124˚ 44.070' W,,,1000,Matt Galaska,
E1265.OC0922.PCR1,1,1,FALSE,FALSE,OC0922,OCNMS Sept 2022,NA,09/20/22,NA,11:00,NA,TH042,10,Niskin; Sterivex 0.22µm filter,95% EtOH,Olympic Coast National Marine Sanctuary,Teahwhit Head,33.2,47˚ 52.467' N,124˚ 44.070' W,,,1000,Matt Galaska,
E1265.OC0922.PCR2,1,2,FALSE,FALSE,OC0922,OCNMS Sept 2022,NA,09/20/22,NA,11:00,NA,TH042,10,Niskin; Sterivex 0.22µm filter,95% EtOH,Olympic Coast National Marine Sanctuary,Teahwhit Head,33.2,47˚ 52.467' N,124˚ 44.070' W,,,1000,Matt Galaska,
E1265.OC0922.PCR3,1,3,FALSE,FALSE,OC0922,OCNMS Sept 2022,NA,09/20/22,NA,11:00,NA,TH042,10,Niskin; Sterivex 0.22µm filter,95% EtOH,Olympic Coast National Marine Sanctuary,Teahwhit Head,33.2,47˚ 52.467' N,124˚ 44.070' W,,,1000,Matt Galaska,
E1266.OC0922.PCR1,1,1,FALSE,FALSE,OC0922,OCNMS Sept 2022,NA,09/20/22,NA,11:00,NA,TH042,9,Niskin; Sterivex 0.22µm filter,95% EtOH,Olympic Coast National Marine Sanctuary,Teahwhit Head,32.7,47˚ 52.467' N,124˚ 44.070' W,,,1000,Matt Galaska,
E1266.OC0922.PCR2,1,2,FALSE,FALSE,OC0922,OCNMS Sept 2022,NA,09/20/22,NA,11:00,NA,TH042,9,Niskin; Sterivex 0.22µm filter,95% EtOH,Olympic Coast National Marine Sanctuary,Teahwhit Head,32.7,47˚ 52.467' N,124˚ 44.070' W,,,1000,Matt Galaska,
E1266.OC0922.PCR3,1,3,FALSE,FALSE,OC0922,OCNMS Sept 2022,NA,09/20/22,NA,11:00,NA,TH042,9,Niskin; Sterivex 0.22µm filter,95% EtOH,Olympic Coast National Marine Sanctuary,Teahwhit Head,32.7,47˚ 52.467' N,124˚ 44.070' W,,,1000,Matt Galaska,
E1267.OC0922.PCR1,1,1,FALSE,FALSE,OC0922,OCNMS Sept 2022,NA,09/20/22,NA,11:00,NA,TH042,8,Niskin; Sterivex 0.22µm filter,95% EtOH,Olympic Coast National Marine Sanctuary,Teahwhit Head,33.1,47˚ 52.467' N,124˚ 44.070' W,,,1000,Matt Galaska,
E1267.OC0922.PCR2,1,2,FALSE,FALSE,OC0922,OCNMS Sept 2022,NA,09/20/22,NA,11:00,NA,TH042,8,Niskin; Sterivex 0.22µm filter,95% EtOH,Olympic Coast National Marine Sanctuary,Teahwhit Head,33.1,47˚ 52.467' N,124˚ 44.070' W,,,1000,Matt Galaska,
E1267.OC0922.PCR3,1,3,FALSE,FALSE,OC0922,OCNMS Sept 2022,NA,09/20/22,NA,11:00,NA,TH042,8,Niskin; Sterivex 0.22µm filter,95% EtOH,Olympic Coast National Marine Sanctuary,Teahwhit Head,33.1,47˚ 52.467' N,124˚ 44.070' W,,,1000,Matt Galaska,
E1275.OC1021,1,1,FALSE,FALSE,OC1021,OCNMS Oct 2021,NA,08/26/21,7:01,00:01,PPS Port 1 - TH042,TH042,Port 1,PPS Unit; Programmed Sampling,95% EtOH,Olympic Coast National Marine Sanctuary,Teahwhit Head,34.0,47˚ 52.673' N,124˚ 44.340' W,,,1000,Sean McAllister and Emily Norton,
E1276.OC1021,1,1,FALSE,FALSE,OC1021,OCNMS Oct 2021,NA,08/27/21,19:01,12:01,PPS Port 2 - TH042,TH042,Port 2,PPS Unit; Programmed Sampling,95% EtOH,Olympic Coast National Marine Sanctuary,Teahwhit Head,34.0,47˚ 52.673' N,124˚ 44.340' W,,,1000,Sean McAllister and Emily Norton,
E1277.OC1021,1,1,FALSE,FALSE,OC1021,OCNMS Oct 2021,NA,08/29/21,7:01,00:01,PPS Port 3 - TH042,TH042,Port 3,PPS Unit; Programmed Sampling,95% EtOH,Olympic Coast National Marine Sanctuary,Teahwhit Head,34.0,47˚ 52.673' N,124˚ 44.340' W,,,1000,Sean McAllister and Emily Norton,
E1278.OC1021,1,1,FALSE,FALSE,OC1021,OCNMS Oct 2021,NA,08/30/21,19:01,12:01,PPS Port 4 - TH042,TH042,Port 4,PPS Unit; Programmed Sampling,95% EtOH,Olympic Coast National Marine Sanctuary,Teahwhit Head,34.0,47˚ 52.673' N,124˚ 44.340' W,,,1000,Sean McAllister and Emily Norton,
E1279.OC1021,1,1,FALSE,FALSE,OC1021,OCNMS Oct 2021,NA,09/01/21,7:01,00:01,PPS Port 5 - TH042,TH042,Port 5,PPS Unit; Programmed Sampling,95% EtOH,Olympic Coast National Marine Sanctuary,Teahwhit Head,34.0,47˚ 52.673' N,124˚ 44.340' W,,,1000,Sean McAllister and Emily Norton,
E1280.OC1021,1,1,FALSE,FALSE,OC1021,OCNMS Oct 2021,NA,09/02/21,19:02,12:02,PPS Port 6 - TH042,TH042,Port 6,PPS Unit; Programmed Sampling,95% EtOH,Olympic Coast National Marine Sanctuary,Teahwhit Head,34.0,47˚ 52.673' N,124˚ 44.340' W,,,1000,Sean McAllister and Emily Norton,
E1281.OC1021,1,1,FALSE,FALSE,OC1021,OCNMS Oct 2021,NA,09/04/21,7:02,00:02,PPS Port 7 - TH042,TH042,Port 7,PPS Unit; Programmed Sampling,95% EtOH,Olympic Coast National Marine Sanctuary,Teahwhit Head,34.0,47˚ 52.673' N,124˚ 44.340' W,,,1000,Sean McAllister and Emily Norton,
E1282.OC1021,1,1,FALSE,FALSE,OC1021,OCNMS Oct 2021,NA,09/05/21,19:01,12:01,PPS Port 8 - TH042,TH042,Port 8,PPS Unit; Programmed Sampling,95% EtOH,Olympic Coast National Marine Sanctuary,Teahwhit Head,34.0,47˚ 52.673' N,124˚ 44.340' W,,,1000,Sean McAllister and Emily Norton,
E1283.OC1021,1,1,FALSE,FALSE,OC1021,OCNMS Oct 2021,NA,09/07/21,7:02,00:02,PPS Port 9 - TH042,TH042,Port 9,PPS Unit; Programmed Sampling,95% EtOH,Olympic Coast National Marine Sanctuary,Teahwhit Head,34.0,47˚ 52.673' N,124˚ 44.340' W,,,1000,Sean McAllister and Emily Norton,
E1284.OC1021,1,1,FALSE,FALSE,OC1021,OCNMS Oct 2021,NA,09/08/21,19:02,12:02,PPS Port 10 - TH042,TH042,Port 10,PPS Unit; Programmed Sampling,95% EtOH,Olympic Coast National Marine Sanctuary,Teahwhit Head,34.0,47˚ 52.673' N,124˚ 44.340' W,,,1000,Sean McAllister and Emily Norton,
E1285.OC1021,1,1,FALSE,FALSE,OC1021,OCNMS Oct 2021,NA,09/10/21,7:02,00:02,PPS Port 11 - TH042,TH042,Port 11,PPS Unit; Programmed Sampling,95% EtOH,Olympic Coast National Marine Sanctuary,Teahwhit Head,34.0,47˚ 52.673' N,124˚ 44.340' W,,,1000,Sean McAllister and Emily Norton,
E1286.OC1021,1,1,FALSE,FALSE,OC1021,OCNMS Oct 2021,NA,09/11/21,19:02,12:02,PPS Port 12 - TH042,TH042,Port 12,PPS Unit; Programmed Sampling,95% EtOH,Olympic Coast National Marine Sanctuary,Teahwhit Head,34.0,47˚ 52.673' N,124˚ 44.340' W,,,1000,Sean McAllister and Emily Norton,
E1287.OC1021,1,1,FALSE,FALSE,OC1021,OCNMS Oct 2021,NA,09/13/21,7:02,00:02,PPS Port 13 - TH042,TH042,Port 13,PPS Unit; Programmed Sampling,95% EtOH,Olympic Coast National Marine Sanctuary,Teahwhit Head,34.0,47˚ 52.673' N,124˚ 44.340' W,,,1000,Sean McAllister and Emily Norton,
E1288.OC1021,1,1,FALSE,FALSE,OC1021,OCNMS Oct 2021,NA,09/14/21,19:02,12:02,PPS Port 14 - TH042,TH042,Port 14,PPS Unit; Programmed Sampling,95% EtOH,Olympic Coast National Marine Sanctuary,Teahwhit Head,34.0,47˚ 52.673' N,124˚ 44.340' W,,,1000,Sean McAllister and Emily Norton,
E1289.OC1021,1,1,FALSE,FALSE,OC1021,OCNMS Oct 2021,NA,09/16/21,7:02,00:02,PPS Port 15 - TH042,TH042,Port 15,PPS Unit; Programmed Sampling,95% EtOH,Olympic Coast National Marine Sanctuary,Teahwhit Head,34.0,47˚ 52.673' N,124˚ 44.340' W,,,1000,Sean McAllister and Emily Norton,
E1290.OC1021,1,1,FALSE,FALSE,OC1021,OCNMS Oct 2021,NA,09/17/21,19:02,12:02,PPS Port 16 - TH042,TH042,Port 16,PPS Unit; Programmed Sampling,95% EtOH,Olympic Coast National Marine Sanctuary,Teahwhit Head,34.0,47˚ 52.673' N,124˚ 44.340' W,,,1000,Sean McAllister and Emily Norton,
E1291.OC1021,1,1,FALSE,FALSE,OC1021,OCNMS Oct 2021,NA,09/19/21,7:02,00:02,PPS Port 17 - TH042,TH042,Port 17,PPS Unit; Programmed Sampling,95% EtOH,Olympic Coast National Marine Sanctuary,Teahwhit Head,34.0,47˚ 52.673' N,124˚ 44.340' W,,,1000,Sean McAllister and Emily Norton,
E1292.OC1021,1,1,FALSE,FALSE,OC1021,OCNMS Oct 2021,NA,09/20/21,19:01,12:01,PPS Port 18 - TH042,TH042,Port 18,PPS Unit; Programmed Sampling,95% EtOH,Olympic Coast National Marine Sanctuary,Teahwhit Head,34.0,47˚ 52.673' N,124˚ 44.340' W,,,1000,Sean McAllister and Emily Norton,
E1293.OC1021,1,1,FALSE,FALSE,OC1021,OCNMS Oct 2021,NA,09/22/21,7:01,00:01,PPS Port 19 - TH042,TH042,Port 19,PPS Unit; Programmed Sampling,95% EtOH,Olympic Coast National Marine Sanctuary,Teahwhit Head,34.0,47˚ 52.673' N,124˚ 44.340' W,,,1000,Sean McAllister and Emily Norton,
E1294.OC1021,1,1,FALSE,FALSE,OC1021,OCNMS Oct 2021,NA,09/23/21,19:01,12:01,PPS Port 20 - TH042,TH042,Port 20,PPS Unit; Programmed Sampling,95% EtOH,Olympic Coast National Marine Sanctuary,Teahwhit Head,34.0,47˚ 52.673' N,124˚ 44.340' W,,,1000,Sean McAllister and Emily Norton,
E1295.OC1021,1,1,FALSE,FALSE,OC1021,OCNMS Oct 2021,NA,09/25/21,7:01,00:01,PPS Port 21 - TH042,TH042,Port 21,PPS Unit; Programmed Sampling,95% EtOH,Olympic Coast National Marine Sanctuary,Teahwhit Head,34.0,47˚ 52.673' N,124˚ 44.340' W,,,1000,Sean McAllister and Emily Norton,
E1296.OC1021,1,1,FALSE,FALSE,OC1021,OCNMS Oct 2021,NA,09/26/21,19:01,12:01,PPS Port 22 - TH042,TH042,Port 22,PPS Unit; Programmed Sampling,95% EtOH,Olympic Coast National Marine Sanctuary,Teahwhit Head,34.0,47˚ 52.673' N,124˚ 44.340' W,,,1000,Sean McAllister and Emily Norton,
E1297.OC1021,1,1,FALSE,FALSE,OC1021,OCNMS Oct 2021,NA,09/28/21,7:01,00:01,PPS Port 23 - TH042,TH042,Port 23,PPS Unit; Programmed Sampling,95% EtOH,Olympic Coast National Marine Sanctuary,Teahwhit Head,34.0,47˚ 52.673' N,124˚ 44.340' W,,,1000,Sean McAllister and Emily Norton,
E1298.OC1021,1,1,FALSE,FALSE,OC1021,OCNMS Oct 2021,NA,09/29/21,19:01,12:01,PPS Port 24 - TH042,TH042,Port 24,PPS Unit; Programmed Sampling,95% EtOH,Olympic Coast National Marine Sanctuary,Teahwhit Head,34.0,47˚ 52.673' N,124˚ 44.340' W,,,1000,Sean McAllister and Emily Norton,
E1299.OC1021,1,1,FALSE,FALSE,OC1021,OCNMS Oct 2021,NA,08/26/21,7:01,00:01,PPS Port 1 - CE042,CE042,Port 1,PPS Unit; Programmed Sampling,-,Olympic Coast National Marine Sanctuary,Cape Elizabeth,34.0,47˚ 21.009' N,124˚ 29.126' W,,,1000,Shannon Brown,Likely not preserved in fixative
E1300.OC1021,1,1,FALSE,FALSE,OC1021,OCNMS Oct 2021,NA,08/27/21,19:01,12:01,PPS Port 2 - CE042,CE042,Port 2,PPS Unit; Programmed Sampling,-,Olympic Coast National Marine Sanctuary,Cape Elizabeth,34.0,47˚ 21.009' N,124˚ 29.126' W,,,1000,Shannon Brown,Likely not preserved in fixative
E1301.OC1021,1,1,FALSE,FALSE,OC1021,OCNMS Oct 2021,NA,08/29/21,7:01,00:01,PPS Port 3 - CE042,CE042,Port 3,PPS Unit; Programmed Sampling,-,Olympic Coast National Marine Sanctuary,Cape Elizabeth,34.0,47˚ 21.009' N,124˚ 29.126' W,,,1000,Shannon Brown,Likely not preserved in fixative
E1302.OC1021,1,1,FALSE,FALSE,OC1021,OCNMS Oct 2021,NA,08/30/21,19:01,12:01,PPS Port 4 - CE042,CE042,Port 4,PPS Unit; Programmed Sampling,-,Olympic Coast National Marine Sanctuary,Cape Elizabeth,34.0,47˚ 21.009' N,124˚ 29.126' W,,,1000,Shannon Brown,Likely not preserved in fixative
E1303.OC1021,1,1,FALSE,FALSE,OC1021,OCNMS Oct 2021,NA,09/01/21,7:01,00:01,PPS Port 5 - CE042,CE042,Port 5,PPS Unit; Programmed Sampling,-,Olympic Coast National Marine Sanctuary,Cape Elizabeth,34.0,47˚ 21.009' N,124˚ 29.126' W,,,1000,Shannon Brown,Likely not preserved in fixative
E1304.OC1021,1,1,FALSE,FALSE,OC1021,OCNMS Oct 2021,NA,09/02/21,19:01,12:01,PPS Port 6 - CE042,CE042,Port 6,PPS Unit; Programmed Sampling,-,Olympic Coast National Marine Sanctuary,Cape Elizabeth,34.0,47˚ 21.009' N,124˚ 29.126' W,,,1000,Shannon Brown,Likely not preserved in fixative
E1305.OC1021,1,1,FALSE,FALSE,OC1021,OCNMS Oct 2021,NA,09/04/21,7:02,00:02,PPS Port 7 - CE042,CE042,Port 7,PPS Unit; Programmed Sampling,-,Olympic Coast National Marine Sanctuary,Cape Elizabeth,34.0,47˚ 21.009' N,124˚ 29.126' W,,,1000,Shannon Brown,Likely not preserved in fixative
E1306.OC1021,1,1,FALSE,FALSE,OC1021,OCNMS Oct 2021,NA,09/05/21,19:02,12:02,PPS Port 8 - CE042,CE042,Port 8,PPS Unit; Programmed Sampling,-,Olympic Coast National Marine Sanctuary,Cape Elizabeth,34.0,47˚ 21.009' N,124˚ 29.126' W,,,1000,Shannon Brown,Likely not preserved in fixative
E1307.OC1021,1,1,FALSE,FALSE,OC1021,OCNMS Oct 2021,NA,09/07/21,7:02,00:02,PPS Port 9 - CE042,CE042,Port 9,PPS Unit; Programmed Sampling,-,Olympic Coast National Marine Sanctuary,Cape Elizabeth,34.0,47˚ 21.009' N,124˚ 29.126' W,,,1000,Shannon Brown,Likely not preserved in fixative
E1308.OC1021,1,1,FALSE,FALSE,OC1021,OCNMS Oct 2021,NA,09/08/21,19:02,12:02,PPS Port 10 - CE042,CE042,Port 10,PPS Unit; Programmed Sampling,-,Olympic Coast National Marine Sanctuary,Cape Elizabeth,34.0,47˚ 21.009' N,124˚ 29.126' W,,,1000,Shannon Brown,Likely not preserved in fixative
E1309.OC1021,1,1,FALSE,FALSE,OC1021,OCNMS Oct 2021,NA,09/10/21,7:02,00:02,PPS Port 11 - CE042,CE042,Port 11,PPS Unit; Programmed Sampling,-,Olympic Coast National Marine Sanctuary,Cape Elizabeth,34.0,47˚ 21.009' N,124˚ 29.126' W,,,1000,Shannon Brown,Likely not preserved in fixative
E1310.OC1021,1,1,FALSE,FALSE,OC1021,OCNMS Oct 2021,NA,09/11/21,19:02,12:02,PPS Port 12 - CE042,CE042,Port 12,PPS Unit; Programmed Sampling,-,Olympic Coast National Marine Sanctuary,Cape Elizabeth,34.0,47˚ 21.009' N,124˚ 29.126' W,,,1000,Shannon Brown,Likely not preserved in fixative
E1312.OC1021,1,1,FALSE,FALSE,OC1021,OCNMS Oct 2021,NA,09/14/21,19:02,12:02,PPS Port 14 - CE042,CE042,Port 14,PPS Unit; Programmed Sampling,-,Olympic Coast National Marine Sanctuary,Cape Elizabeth,34.0,47˚ 21.009' N,124˚ 29.126' W,,,1000,Shannon Brown,Likely not preserved in fixative
E1313.OC1021,1,1,FALSE,FALSE,OC1021,OCNMS Oct 2021,NA,09/16/21,7:02,00:02,PPS Port 15 - CE042,CE042,Port 15,PPS Unit; Programmed Sampling,-,Olympic Coast National Marine Sanctuary,Cape Elizabeth,34.0,47˚ 21.009' N,124˚ 29.126' W,,,1000,Shannon Brown,Likely not preserved in fixative
E1315.OC1021,1,1,FALSE,FALSE,OC1021,OCNMS Oct 2021,NA,09/19/21,7:02,00:02,PPS Port 17 - CE042,CE042,Port 17,PPS Unit; Programmed Sampling,-,Olympic Coast National Marine Sanctuary,Cape Elizabeth,34.0,47˚ 21.009' N,124˚ 29.126' W,,,1000,Shannon Brown,Likely not preserved in fixative
E1316.OC1021,1,1,FALSE,FALSE,OC1021,OCNMS Oct 2021,NA,09/20/21,19:02,12:02,PPS Port 18 - CE042,CE042,Port 18,PPS Unit; Programmed Sampling,-,Olympic Coast National Marine Sanctuary,Cape Elizabeth,34.0,47˚ 21.009' N,124˚ 29.126' W,,,1000,Shannon Brown,Likely not preserved in fixative
E1317.OC1021,1,1,FALSE,FALSE,OC1021,OCNMS Oct 2021,NA,09/22/21,7:02,00:02,PPS Port 19 - CE042,CE042,Port 19,PPS Unit; Programmed Sampling,-,Olympic Coast National Marine Sanctuary,Cape Elizabeth,34.0,47˚ 21.009' N,124˚ 29.126' W,,,1000,Shannon Brown,Likely not preserved in fixative
E1318.OC1021,1,1,FALSE,FALSE,OC1021,OCNMS Oct 2021,NA,09/23/21,19:01,12:01,PPS Port 20 - CE042,CE042,Port 20,PPS Unit; Programmed Sampling,-,Olympic Coast National Marine Sanctuary,Cape Elizabeth,34.0,47˚ 21.009' N,124˚ 29.126' W,,,1000,Shannon Brown,Likely not preserved in fixative
E1319.OC1021,1,1,FALSE,FALSE,OC1021,OCNMS Oct 2021,NA,09/25/21,7:01,00:01,PPS Port 21 - CE042,CE042,Port 21,PPS Unit; Programmed Sampling,-,Olympic Coast National Marine Sanctuary,Cape Elizabeth,34.0,47˚ 21.009' N,124˚ 29.126' W,,,1000,Shannon Brown,Likely not preserved in fixative
E1320.OC1021,1,1,FALSE,FALSE,OC1021,OCNMS Oct 2021,NA,09/26/21,19:01,12:01,PPS Port 22 - CE042,CE042,Port 22,PPS Unit; Programmed Sampling,-,Olympic Coast National Marine Sanctuary,Cape Elizabeth,34.0,47˚ 21.009' N,124˚ 29.126' W,,,1000,Shannon Brown,Likely not preserved in fixative
E1321.OC1021,1,1,FALSE,FALSE,OC1021,OCNMS Oct 2021,NA,09/28/21,7:01,00:01,PPS Port 23 - CE042,CE042,Port 23,PPS Unit; Programmed Sampling,-,Olympic Coast National Marine Sanctuary,Cape Elizabeth,34.0,47˚ 21.009' N,124˚ 29.126' W,,,1000,Shannon Brown,Likely not preserved in fixative
E1322.OC1021,1,1,FALSE,FALSE,OC1021,OCNMS Oct 2021,NA,09/29/21,19:01,12:01,PPS Port 24 - CE042,CE042,Port 24,PPS Unit; Programmed Sampling,-,Olympic Coast National Marine Sanctuary,Cape Elizabeth,34.0,47˚ 21.009' N,124˚ 29.126' W,,,1000,Shannon Brown,Likely not preserved in fixative
E1323.OC1021.PCR1,1,1,FALSE,FALSE,OC1021,OCNMS Oct 2021,NA,10/08/21,NA,11:15,TH042-01,TH042,1,Niskin; Sterivex 0.22µm filter,95% EtOH,Olympic Coast National Marine Sanctuary,Teahwhit Head,33.0,47˚ 52.673' N,124˚ 44.340' W,,,1000,Sean McAllister and Emily Norton,
E1323.OC1021.PCR2,1,2,FALSE,FALSE,OC1021,OCNMS Oct 2021,NA,10/08/21,NA,11:15,TH042-01,TH042,1,Niskin; Sterivex 0.22µm filter,95% EtOH,Olympic Coast National Marine Sanctuary,Teahwhit Head,33.0,47˚ 52.673' N,124˚ 44.340' W,,,1000,Sean McAllister and Emily Norton,
E1323.OC1021.PCR3,1,3,FALSE,FALSE,OC1021,OCNMS Oct 2021,NA,10/08/21,NA,11:15,TH042-01,TH042,1,Niskin; Sterivex 0.22µm filter,95% EtOH,Olympic Coast National Marine Sanctuary,Teahwhit Head,33.0,47˚ 52.673' N,124˚ 44.340' W,,,1000,Sean McAllister and Emily Norton,
E1324.OC1021.PCR1,1,1,FALSE,FALSE,OC1021,OCNMS Oct 2021,NA,10/08/21,NA,11:15,TH042-02,TH042,2,Niskin; Sterivex 0.22µm filter,95% EtOH,Olympic Coast National Marine Sanctuary,Teahwhit Head,33.0,47˚ 52.673' N,124˚ 44.340' W,,,1000,Sean McAllister and Emily Norton,
E1324.OC1021.PCR2,1,2,FALSE,FALSE,OC1021,OCNMS Oct 2021,NA,10/08/21,NA,11:15,TH042-02,TH042,2,Niskin; Sterivex 0.22µm filter,95% EtOH,Olympic Coast National Marine Sanctuary,Teahwhit Head,33.0,47˚ 52.673' N,124˚ 44.340' W,,,1000,Sean McAllister and Emily Norton,
E1324.OC1021.PCR3,1,3,FALSE,FALSE,OC1021,OCNMS Oct 2021,NA,10/08/21,NA,11:15,TH042-02,TH042,2,Niskin; Sterivex 0.22µm filter,95% EtOH,Olympic Coast National Marine Sanctuary,Teahwhit Head,33.0,47˚ 52.673' N,124˚ 44.340' W,,,1000,Sean McAllister and Emily Norton,
E1325.OC1021.PCR1,1,1,FALSE,FALSE,OC1021,OCNMS Oct 2021,NA,10/08/21,NA,11:15,TH042-03,TH042,3,Niskin; Sterivex 0.22µm filter,95% EtOH,Olympic Coast National Marine Sanctuary,Teahwhit Head,33.0,47˚ 52.673' N,124˚ 44.340' W,,,1000,Sean McAllister and Emily Norton,
E1325.OC1021.PCR2,1,2,FALSE,FALSE,OC1021,OCNMS Oct 2021,NA,10/08/21,NA,11:15,TH042-03,TH042,3,Niskin; Sterivex 0.22µm filter,95% EtOH,Olympic Coast National Marine Sanctuary,Teahwhit Head,33.0,47˚ 52.673' N,124˚ 44.340' W,,,1000,Sean McAllister and Emily Norton,
E1325.OC1021.PCR3,1,3,FALSE,FALSE,OC1021,OCNMS Oct 2021,NA,10/08/21,NA,11:15,TH042-03,TH042,3,Niskin; Sterivex 0.22µm filter,95% EtOH,Olympic Coast National Marine Sanctuary,Teahwhit Head,33.0,47˚ 52.673' N,124˚ 44.340' W,,,1000,Sean McAllister and Emily Norton,
E1389.OC0722,1,1,FALSE,FALSE,OC0722,OCNMS July 2022,NA,07/19/22,NA,12:58,9,TH042,9,Niskin; Sterivex 0.22µm filter,95% EtOH,Olympic Coast National Marine Sanctuary,Teahwhit Head,32.9,47˚ 52.699' N,124˚ 44.187' W,,,1000,Shannon Brown,
E1390.OC0722,1,1,FALSE,FALSE,OC0722,OCNMS July 2022,NA,07/19/22,NA,12:58,10,TH042,10,Niskin; Sterivex 0.22µm filter,95% EtOH,Olympic Coast National Marine Sanctuary,Teahwhit Head,33.3,47˚ 52.699' N,124˚ 44.187' W,,,1000,Shannon Brown,
E1391.OC0722,1,1,FALSE,FALSE,OC0722,OCNMS July 2022,NA,07/19/22,NA,12:58,12,TH042,12,Niskin; Sterivex 0.22µm filter,95% EtOH,Olympic Coast National Marine Sanctuary,Teahwhit Head,33.3,47˚ 52.699' N,124˚ 44.187' W,,,1000,Shannon Brown,
E1403.OC0722,1,1,FALSE,FALSE,OC0722,OCNMS July 2022,NA,06/23/22,NA,00:00,1,TH042,1,PPS Unit; Programmed Sampling,95% EtOH,Olympic Coast National Marine Sanctuary,Teahwhit Head,33.7,47˚ 52.699' N,124˚ 44.187' W,,,1000,Shannon Brown,
E1404.OC0722,1,1,FALSE,FALSE,OC0722,OCNMS July 2022,NA,06/23/22,NA,12:00,2,TH042,2,PPS Unit; Programmed Sampling,95% EtOH,Olympic Coast National Marine Sanctuary,Teahwhit Head,33.7,47˚ 52.699' N,124˚ 44.187' W,,,87,Shannon Brown,Sudden pressure release
E1406.OC0722,1,1,FALSE,FALSE,OC0722,OCNMS July 2022,NA,06/24/22,NA,12:00,4,TH042,4,PPS Unit; Programmed Sampling,95% EtOH,Olympic Coast National Marine Sanctuary,Teahwhit Head,33.7,47˚ 52.699' N,124˚ 44.187' W,,,1000,Shannon Brown,
E1408.OC0722,1,1,FALSE,FALSE,OC0722,OCNMS July 2022,NA,06/26/22,NA,12:00,6,TH042,6,PPS Unit; Programmed Sampling,95% EtOH,Olympic Coast National Marine Sanctuary,Teahwhit Head,33.7,47˚ 52.699' N,124˚ 44.187' W,,,28,Shannon Brown,Sudden pressure release
E1410.OC0722,1,1,FALSE,FALSE,OC0722,OCNMS July 2022,NA,06/29/22,NA,12:00,8,TH042,8,PPS Unit; Programmed Sampling,95% EtOH,Olympic Coast National Marine Sanctuary,Teahwhit Head,33.7,47˚ 52.699' N,124˚ 44.187' W,,,1000,Shannon Brown,
E1412.OC0722,1,1,FALSE,FALSE,OC0722,OCNMS July 2022,NA,07/02/22,NA,12:00,10,TH042,10,PPS Unit; Programmed Sampling,95% EtOH,Olympic Coast National Marine Sanctuary,Teahwhit Head,33.7,47˚ 52.699' N,124˚ 44.187' W,,,1000,Shannon Brown,
E1414.OC0722,1,1,FALSE,FALSE,OC0722,OCNMS July 2022,NA,07/05/22,NA,12:00,12,TH042,12,PPS Unit; Programmed Sampling,95% EtOH,Olympic Coast National Marine Sanctuary,Teahwhit Head,33.7,47˚ 52.699' N,124˚ 44.187' W,,,812,Shannon Brown,Minimum flow reached
E1416.OC0722,1,1,FALSE,FALSE,OC0722,OCNMS July 2022,NA,07/08/22,NA,12:00,14,TH042,14,PPS Unit; Programmed Sampling,95% EtOH,Olympic Coast National Marine Sanctuary,Teahwhit Head,33.7,47˚ 52.699' N,124˚ 44.187' W,,,216,Shannon Brown,Minimum flow reached
E1418.OC0722,1,1,FALSE,FALSE,OC0722,OCNMS July 2022,NA,07/11/22,NA,12:00,16,TH042,16,PPS Unit; Programmed Sampling,95% EtOH,Olympic Coast National Marine Sanctuary,Teahwhit Head,33.7,47˚ 52.699' N,124˚ 44.187' W,,,1000,Shannon Brown,
E1420.OC0722,1,1,FALSE,FALSE,OC0722,OCNMS July 2022,NA,07/14/22,NA,12:00,18,TH042,18,PPS Unit; Programmed Sampling,95% EtOH,Olympic Coast National Marine Sanctuary,Teahwhit Head,33.7,47˚ 52.699' N,124˚ 44.187' W,,,1000,Shannon Brown,
E1422.OC0722,1,1,FALSE,FALSE,OC0722,OCNMS July 2022,NA,07/17/22,NA,12:00,20,TH042,20,PPS Unit; Programmed Sampling,95% EtOH,Olympic Coast National Marine Sanctuary,Teahwhit Head,33.7,47˚ 52.699' N,124˚ 44.187' W,,,479,Shannon Brown,Minimum flow reached
E1424.OC0722,1,1,FALSE,FALSE,OC0722,OCNMS July 2022,NA,07/18/22,NA,12:00,22,TH042,22,PPS Unit; Programmed Sampling,95% EtOH,Olympic Coast National Marine Sanctuary,Teahwhit Head,33.7,47˚ 52.699' N,124˚ 44.187' W,,,87,Shannon Brown,Minimum flow reached
E1426.OC0722,1,1,FALSE,FALSE,OC0722,OCNMS July 2022,NA,07/19/22,NA,12:00,24,TH042,24,PPS Unit; Programmed Sampling,95% EtOH,Olympic Coast National Marine Sanctuary,Teahwhit Head,33.7,47˚ 52.699' N,124˚ 44.187' W,,,1000,Shannon Brown,
E1845.OC0623,1,1,FALSE,FALSE,OC0623,OCNMS June 2023,NA,06/15/23,NA,14:30,Sample 11,TH042,11,Niskin; Sterivex 0.22µm filter,95% EtOH,Olympic Coast National Marine Sanctuary,Teahwhit Head,33.5,47˚ 52.699' N,124˚ 44.187' W,,,1000,Matt Galaska,
E1846.OC0623,1,1,FALSE,FALSE,OC0623,OCNMS June 2023,NA,06/15/23,NA,14:30,Sample 9,TH042,9,Niskin; Sterivex 0.22µm filter,95% EtOH,Olympic Coast National Marine Sanctuary,Teahwhit Head,34.2,47˚ 52.699' N,124˚ 44.187' W,,,1000,Matt Galaska,
E1847.OC0623,1,1,FALSE,FALSE,OC0623,OCNMS June 2023,NA,06/15/23,NA,14:30,Sample 5,TH042,5,Niskin; Sterivex 0.22µm filter,95% EtOH,Olympic Coast National Marine Sanctuary,Teahwhit Head,34.2,47˚ 52.699' N,124˚ 44.187' W,,,1000,Matt Galaska,
E1849.OC0723,1,1,FALSE,FALSE,OC0723,OCNMS July 2023,NA,06/16/23,NA,00:01,PPS Port 1,TH042,Port 1,PPS Unit; Programmed Sampling,95% EtOH,Olympic Coast National Marine Sanctuary,Teahwhit Head,34.0,47˚ 52.699' N,124˚ 44.187' W,,,1000,Shannon Brown,
E1850.OC0723,1,1,FALSE,FALSE,OC0723,OCNMS July 2023,NA,06/17/23,NA,12:01,PPS Port 2,TH042,Port 2,PPS Unit; Programmed Sampling,95% EtOH,Olympic Coast National Marine Sanctuary,Teahwhit Head,34.0,47˚ 52.699' N,124˚ 44.187' W,,,1001,Shannon Brown,
E1851.OC0723,1,1,FALSE,FALSE,OC0723,OCNMS July 2023,NA,06/19/23,NA,00:01,PPS Port 3,TH042,Port 3,PPS Unit; Programmed Sampling,95% EtOH,Olympic Coast National Marine Sanctuary,Teahwhit Head,34.0,47˚ 52.699' N,124˚ 44.187' W,,,1001,Shannon Brown,
E1852.OC0723,1,1,FALSE,FALSE,OC0723,OCNMS July 2023,NA,06/20/23,NA,12:01,PPS Port 4,TH042,Port 4,PPS Unit; Programmed Sampling,95% EtOH,Olympic Coast National Marine Sanctuary,Teahwhit Head,34.0,47˚ 52.699' N,124˚ 44.187' W,,,1001,Shannon Brown,
E1853.OC0723,1,1,FALSE,FALSE,OC0723,OCNMS July 2023,NA,06/22/23,NA,00:01,PPS Port 5,TH042,Port 5,PPS Unit; Programmed Sampling,95% EtOH,Olympic Coast National Marine Sanctuary,Teahwhit Head,34.0,47˚ 52.699' N,124˚ 44.187' W,,,1001,Shannon Brown,
E1854.OC0723,1,1,FALSE,FALSE,OC0723,OCNMS July 2023,NA,06/23/23,NA,12:01,PPS Port 6,TH042,Port 6,PPS Unit; Programmed Sampling,95% EtOH,Olympic Coast National Marine Sanctuary,Teahwhit Head,34.0,47˚ 52.699' N,124˚ 44.187' W,,,1001,Shannon Brown,
E1855.OC0723,1,1,FALSE,FALSE,OC0723,OCNMS July 2023,NA,06/25/23,NA,00:01,PPS Port 7,TH042,Port 7,PPS Unit; Programmed Sampling,95% EtOH,Olympic Coast National Marine Sanctuary,Teahwhit Head,34.0,47˚ 52.699' N,124˚ 44.187' W,,,1001,Shannon Brown,
E1856.OC0723,1,1,FALSE,FALSE,OC0723,OCNMS July 2023,NA,06/26/23,NA,12:01,PPS Port 8,TH042,Port 8,PPS Unit; Programmed Sampling,95% EtOH,Olympic Coast National Marine Sanctuary,Teahwhit Head,34.0,47˚ 52.699' N,124˚ 44.187' W,,,1001,Shannon Brown,
E1857.OC0723,1,1,FALSE,FALSE,OC0723,OCNMS July 2023,NA,06/29/23,NA,00:01,PPS Port 9,TH042,Port 9,PPS Unit; Programmed Sampling,95% EtOH,Olympic Coast National Marine Sanctuary,Teahwhit Head,34.0,47˚ 52.699' N,124˚ 44.187' W,,,1001,Shannon Brown,
E1858.OC0723,1,1,FALSE,FALSE,OC0723,OCNMS July 2023,NA,06/30/23,NA,12:01,PPS Port 10,TH042,Port 10,PPS Unit; Programmed Sampling,95% EtOH,Olympic Coast National Marine Sanctuary,Teahwhit Head,34.0,47˚ 52.699' N,124˚ 44.187' W,,,1001,Shannon Brown,
E1859.OC0723,1,1,FALSE,FALSE,OC0723,OCNMS July 2023,NA,07/01/23,NA,00:01,PPS Port 11,TH042,Port 11,PPS Unit; Programmed Sampling,95% EtOH,Olympic Coast National Marine Sanctuary,Teahwhit Head,34.0,47˚ 52.699' N,124˚ 44.187' W,,,1001,Shannon Brown,
E1860.OC0723,1,1,FALSE,FALSE,OC0723,OCNMS July 2023,NA,07/02/23,NA,12:01,PPS Port 12,TH042,Port 12,PPS Unit; Programmed Sampling,95% EtOH,Olympic Coast National Marine Sanctuary,Teahwhit Head,34.0,47˚ 52.699' N,124˚ 44.187' W,,,1001,Shannon Brown,
E1861.OC0723,1,1,FALSE,FALSE,OC0723,OCNMS July 2023,NA,07/04/23,NA,00:01,PPS Port 13,TH042,Port 13,PPS Unit; Programmed Sampling,95% EtOH,Olympic Coast National Marine Sanctuary,Teahwhit Head,34.0,47˚ 52.699' N,124˚ 44.187' W,,,1001,Shannon Brown,
E1862.OC0723,1,1,FALSE,FALSE,OC0723,OCNMS July 2023,NA,07/05/23,NA,12:01,PPS Port 14,TH042,Port 14,PPS Unit; Programmed Sampling,95% EtOH,Olympic Coast National Marine Sanctuary,Teahwhit Head,34.0,47˚ 52.699' N,124˚ 44.187' W,,,1001,Shannon Brown,
E1863.OC0723,1,1,FALSE,FALSE,OC0723,OCNMS July 2023,NA,07/07/23,NA,00:01,PPS Port 15,TH042,Port 15,PPS Unit; Programmed Sampling,95% EtOH,Olympic Coast National Marine Sanctuary,Teahwhit Head,34.0,47˚ 52.699' N,124˚ 44.187' W,,,1001,Shannon Brown,
E1864.OC0723,1,1,FALSE,FALSE,OC0723,OCNMS July 2023,NA,07/08/23,NA,12:01,PPS Port 16,TH042,Port 16,PPS Unit; Programmed Sampling,95% EtOH,Olympic Coast National Marine Sanctuary,Teahwhit Head,34.0,47˚ 52.699' N,124˚ 44.187' W,,,1001,Shannon Brown,
E1865.OC0723,1,1,FALSE,FALSE,OC0723,OCNMS July 2023,NA,07/10/23,NA,00:01,PPS Port 17,TH042,Port 17,PPS Unit; Programmed Sampling,95% EtOH,Olympic Coast National Marine Sanctuary,Teahwhit Head,34.0,47˚ 52.699' N,124˚ 44.187' W,,,1000,Shannon Brown,
E1866.OC0723,1,1,FALSE,FALSE,OC0723,OCNMS July 2023,NA,07/11/23,NA,12:00,PPS Port 18,TH042,Port 18,PPS Unit; Programmed Sampling,95% EtOH,Olympic Coast National Marine Sanctuary,Teahwhit Head,34.0,47˚ 52.699' N,124˚ 44.187' W,,,1001,Shannon Brown,
E1867.OC0723,1,1,FALSE,FALSE,OC0723,OCNMS July 2023,NA,07/13/23,NA,00:00,PPS Port 19,TH042,Port 19,PPS Unit; Programmed Sampling,95% EtOH,Olympic Coast National Marine Sanctuary,Teahwhit Head,34.0,47˚ 52.699' N,124˚ 44.187' W,,,1001,Shannon Brown,
E1868.OC0723,1,1,FALSE,FALSE,OC0723,OCNMS July 2023,NA,07/14/23,NA,12:01,PPS Port 20,TH042,Port 20,PPS Unit; Programmed Sampling,95% EtOH,Olympic Coast National Marine Sanctuary,Teahwhit Head,34.0,47˚ 52.699' N,124˚ 44.187' W,,,1001,Shannon Brown,
E1869.OC0723,1,1,FALSE,FALSE,OC0723,OCNMS July 2023,NA,07/16/23,NA,00:01,PPS Port 21,TH042,Port 21,PPS Unit; Programmed Sampling,95% EtOH,Olympic Coast National Marine Sanctuary,Teahwhit Head,34.0,47˚ 52.699' N,124˚ 44.187' W,,,1001,Shannon Brown,
E1870.OC0723,1,1,FALSE,FALSE,OC0723,OCNMS July 2023,NA,07/17/23,NA,12:01,PPS Port 22,TH042,Port 22,PPS Unit; Programmed Sampling,95% EtOH,Olympic Coast National Marine Sanctuary,Teahwhit Head,34.0,47˚ 52.699' N,124˚ 44.187' W,,,1001,Shannon Brown,
E1871.OC0723,1,1,FALSE,FALSE,OC0723,OCNMS July 2023,NA,07/19/23,NA,00:01,PPS Port 23,TH042,Port 23,PPS Unit; Programmed Sampling,95% EtOH,Olympic Coast National Marine Sanctuary,Teahwhit Head,34.0,47˚ 52.699' N,124˚ 44.187' W,,,1001,Shannon Brown,
E1872.OC0723,1,1,FALSE,FALSE,OC0723,OCNMS July 2023,NA,07/20/23,NA,12:01,PPS Port 24,TH042,Port 24,PPS Unit; Programmed Sampling,95% EtOH,Olympic Coast National Marine Sanctuary,Teahwhit Head,34.0,47˚ 52.699' N,124˚ 44.187' W,,,1001,Shannon Brown,
E1873.OC0723,1,1,FALSE,FALSE,OC0723,OCNMS July 2023,NA,07/26/23,NA,12:54,,TH042,3,Niskin; Sterivex 0.22µm filter,95% EtOH,Olympic Coast National Marine Sanctuary,Teahwhit Head,33.6,47˚ 52.699' N,124˚ 44.187' W,,,1000,Shannon Brown,
E1874.OC0723,1,1,FALSE,FALSE,OC0723,OCNMS July 2023,NA,07/26/23,NA,12:54,,TH042,5,Niskin; Sterivex 0.22µm filter,95% EtOH,Olympic Coast National Marine Sanctuary,Teahwhit Head,33.7,47˚ 52.699' N,124˚ 44.187' W,,,1000,Shannon Brown,
E1875.OC0723,1,1,FALSE,FALSE,OC0723,OCNMS July 2023,NA,07/26/23,NA,12:54,,TH042,11,Niskin; Sterivex 0.22µm filter,95% EtOH,Olympic Coast National Marine Sanctuary,Teahwhit Head,33.7,47˚ 52.699' N,124˚ 44.187' W,,,1000,Shannon Brown,
E1875.OC0723 (P10 D2),1,1,FALSE,FALSE,OC0723,OCNMS July 2023,NA,07/26/23,NA,12:54,,TH042,11,Niskin; Sterivex 0.22µm filter,95% EtOH,Olympic Coast National Marine Sanctuary,Teahwhit Head,33.7,47˚ 52.699' N,124˚ 44.187' W,,,1000,Shannon Brown,
E2128.1B.OC0919,1,1,FALSE,FALSE,OC0919, OC0919 Chris Paight,09/01/19,09/01/19,12:00,12:00,CP2,CANS,NA,Bottle; 0.45µm MCE cup filter,750 µL CTAB,Olympic Coast National Marine Sanctuary,CANS,0,48˚ 09.978' N,124˚ 45.410' W,,,1000,Christopher Paight,
E2128.2B.OC0919,2,1,FALSE,FALSE,OC0919, OC0919 Chris Paight,09/01/19,09/01/19,12:00,12:00,CP35,CANS,NA,Bottle; 0.45µm MCE cup filter,750 µL CTAB,Olympic Coast National Marine Sanctuary,CANS,0,48˚ 09.978' N,124˚ 45.410' W,,,1000,Christopher Paight,
E2128.3B.OC0919,3,1,FALSE,FALSE,OC0919, OC0919 Chris Paight,09/01/19,09/01/19,12:00,12:00,CP24,CANS,NA,Bottle; 0.45µm MCE cup filter,750 µL CTAB,Olympic Coast National Marine Sanctuary,CANS,0,48˚ 09.978' N,124˚ 45.410' W,,,1000,Christopher Paight,
E2128.4B.OC0919,4,1,FALSE,FALSE,OC0919, OC0919 Chris Paight,09/01/19,09/01/19,12:00,12:00,CP30,CANS,NA,Bottle; 0.45µm MCE cup filter,750 µL CTAB,Olympic Coast National Marine Sanctuary,CANS,0,48˚ 09.978' N,124˚ 45.410' W,,,1000,Christopher Paight,
E2129.1B.OC0919,1,1,FALSE,FALSE,OC0919, OC0919 Chris Paight,09/01/19,09/01/19,12:00,12:00,CP1,CA42,NA,Bottle; 0.45µm MCE cup filter,750 µL CTAB,Olympic Coast National Marine Sanctuary,CA42,0,48˚ 09.961' N,124˚ 49.402' W,,,1000,Christopher Paight,
E2129.2B.OC0919,2,1,FALSE,FALSE,OC0919, OC0919 Chris Paight,09/01/19,09/01/19,12:00,12:00,CP13,CA42,NA,Bottle; 0.45µm MCE cup filter,750 µL CTAB,Olympic Coast National Marine Sanctuary,CA42,0,48˚ 09.961' N,124˚ 49.402' W,,,1000,Christopher Paight,
E2129.3B.OC0919,3,1,FALSE,FALSE,OC0919, OC0919 Chris Paight,09/01/19,09/01/19,12:00,12:00,CP3,CA42,NA,Bottle; 0.45µm MCE cup filter,750 µL CTAB,Olympic Coast National Marine Sanctuary,CA42,0,48˚ 09.961' N,124˚ 49.402' W,,,1000,Christopher Paight,
E2129.4B.OC0919,4,1,FALSE,FALSE,OC0919, OC0919 Chris Paight,09/01/19,09/01/19,12:00,12:00,CP4,CA42,NA,Bottle; 0.45µm MCE cup filter,750 µL CTAB,Olympic Coast National Marine Sanctuary,CA42,0,48˚ 09.961' N,124˚ 49.402' W,,,1000,Christopher Paight,
E2129.5B.OC0919,5,1,FALSE,FALSE,OC0919, OC0919 Chris Paight,09/01/19,09/01/19,12:00,12:00,CP25,CA42,NA,Bottle; 0.45µm MCE cup filter,750 µL CTAB,Olympic Coast National Marine Sanctuary,CA42,0,48˚ 09.961' N,124˚ 49.402' W,,,1000,Christopher Paight,
E2130.1B.OC0919,1,1,FALSE,FALSE,OC0919, OC0919 Chris Paight,09/01/19,09/01/19,12:00,12:00,CP12,CENS,NA,Bottle; 0.45µm MCE cup filter,750 µL CTAB,Olympic Coast National Marine Sanctuary,CENS,0,47˚ 21.407' N,124˚ 20.888' W,,,1000,Christopher Paight,
E2130.2B.OC0919,2,1,FALSE,FALSE,OC0919, OC0919 Chris Paight,09/01/19,09/01/19,12:00,12:00,CP40,CENS,NA,Bottle; 0.45µm MCE cup filter,750 µL CTAB,Olympic Coast National Marine Sanctuary,CENS,0,47˚ 21.407' N,124˚ 20.888' W,,,1000,Christopher Paight,
E2130.3B.OC0919,3,1,FALSE,FALSE,OC0919, OC0919 Chris Paight,09/01/19,09/01/19,12:00,12:00,CP41,CENS,NA,Bottle; 0.45µm MCE cup filter,750 µL CTAB,Olympic Coast National Marine Sanctuary,CENS,0,47˚ 21.407' N,124˚ 20.888' W,,,1000,Christopher Paight,
E2130.4B.OC0919,4,1,FALSE,FALSE,OC0919, OC0919 Chris Paight,09/01/19,09/01/19,12:00,12:00,CP42,CENS,NA,Bottle; 0.45µm MCE cup filter,750 µL CTAB,Olympic Coast National Marine Sanctuary,CENS,0,47˚ 21.407' N,124˚ 20.888' W,,,1000,Christopher Paight,
E2130.5B.OC0919,5,1,FALSE,FALSE,OC0919, OC0919 Chris Paight,09/01/19,09/01/19,12:00,12:00,CP43,CENS,NA,Bottle; 0.45µm MCE cup filter,750 µL CTAB,Olympic Coast National Marine Sanctuary,CENS,0,47˚ 21.407' N,124˚ 20.888' W,,,1000,Christopher Paight,
E2131.1B.OC0919,1,1,FALSE,FALSE,OC0919, OC0919 Chris Paight,09/01/19,09/01/19,12:00,12:00,CP11,CE42,NA,Bottle; 0.45µm MCE cup filter,750 µL CTAB,Olympic Coast National Marine Sanctuary,CE42,0,47˚ 21.188' N,124˚ 29.324' W,,,1000,Christopher Paight,
E2131.2B.OC0919,2,1,FALSE,FALSE,OC0919, OC0919 Chris Paight,09/01/19,09/01/19,12:00,12:00,CP38,CE42,NA,Bottle; 0.45µm MCE cup filter,750 µL CTAB,Olympic Coast National Marine Sanctuary,CE42,0,47˚ 21.188' N,124˚ 29.324' W,,,1000,Christopher Paight,
E2131.3B.OC0919,3,1,FALSE,FALSE,OC0919, OC0919 Chris Paight,09/01/19,09/01/19,12:00,12:00,CP23,CE42,NA,Bottle; 0.45µm MCE cup filter,750 µL CTAB,Olympic Coast National Marine Sanctuary,CE42,0,47˚ 21.188' N,124˚ 29.324' W,,,1000,Christopher Paight,
E2131.4B.OC0919,4,1,FALSE,FALSE,OC0919, OC0919 Chris Paight,09/01/19,09/01/19,12:00,12:00,CP39,CE42,NA,Bottle; 0.45µm MCE cup filter,750 µL CTAB,Olympic Coast National Marine Sanctuary,CE42,0,47˚ 21.188' N,124˚ 29.324' W,,,1000,Christopher Paight,
E2131.5B.OC0919,5,1,FALSE,FALSE,OC0919, OC0919 Chris Paight,09/01/19,09/01/19,12:00,12:00,CP17,CE42,NA,Bottle; 0.45µm MCE cup filter,750 µL CTAB,Olympic Coast National Marine Sanctuary,CE42,0,47˚ 21.188' N,124˚ 29.324' W,,,1000,Christopher Paight,
E2132.1B.OC0919,1,1,FALSE,FALSE,OC0919, OC0919 Chris Paight,09/01/19,09/01/19,12:00,12:00,CP7,CLNS,NA,Bottle; 0.45µm MCE cup filter,750 µL CTAB,Olympic Coast National Marine Sanctuary,CLNS,0,47˚ 36.050' N,124˚ 25.704' W,,,1000,Christopher Paight,
E2132.2B.OC0919,2,1,FALSE,FALSE,OC0919, OC0919 Chris Paight,09/01/19,09/01/19,12:00,12:00,CP21,CLNS,NA,Bottle; 0.45µm MCE cup filter,750 µL CTAB,Olympic Coast National Marine Sanctuary,CLNS,0,47˚ 36.050' N,124˚ 25.704' W,,,1000,Christopher Paight,
E2132.3B.OC0919,3,1,FALSE,FALSE,OC0919, OC0919 Chris Paight,09/01/19,09/01/19,12:00,12:00,CP34,CLNS,NA,Bottle; 0.45µm MCE cup filter,750 µL CTAB,Olympic Coast National Marine Sanctuary,CLNS,0,47˚ 36.050' N,124˚ 25.704' W,,,1000,Christopher Paight,
E2132.4B.OC0919,4,1,FALSE,FALSE,OC0919, OC0919 Chris Paight,09/01/19,09/01/19,12:00,12:00,CP33,CLNS,NA,Bottle; 0.45µm MCE cup filter,750 µL CTAB,Olympic Coast National Marine Sanctuary,CLNS,0,47˚ 36.050' N,124˚ 25.704' W,,,1000,Christopher Paight,
E2132.5B.OC0919,5,1,FALSE,FALSE,OC0919, OC0919 Chris Paight,09/01/19,09/01/19,12:00,12:00,CP16,CLNS,NA,Bottle; 0.45µm MCE cup filter,750 µL CTAB,Olympic Coast National Marine Sanctuary,CLNS,0,47˚ 36.050' N,124˚ 25.704' W,,,1000,Christopher Paight,
E2133.1B.OC0919,1,1,FALSE,FALSE,OC0919, OC0919 Chris Paight,09/01/19,09/01/19,12:00,12:00,CP8,CL42,NA,Bottle; 0.45µm MCE cup filter,750 µL CTAB,Olympic Coast National Marine Sanctuary,CL42,0,47˚ 35.674' N,124˚ 29.824' W,,,1000,Christopher Paight,
E2133.2B.OC0919,2,1,FALSE,FALSE,OC0919, OC0919 Chris Paight,09/01/19,09/01/19,12:00,12:00,CP19,CL42,NA,Bottle; 0.45µm MCE cup filter,750 µL CTAB,Olympic Coast National Marine Sanctuary,CL42,0,47˚ 35.674' N,124˚ 29.824' W,,,1000,Christopher Paight,
E2133.3B.OC0919,3,1,FALSE,FALSE,OC0919, OC0919 Chris Paight,09/01/19,09/01/19,12:00,12:00,CP44,CL42,NA,Bottle; 0.45µm MCE cup filter,750 µL CTAB,Olympic Coast National Marine Sanctuary,CL42,0,47˚ 35.674' N,124˚ 29.824' W,,,1000,Christopher Paight,
E2133.4B.OC0919,4,1,FALSE,FALSE,OC0919, OC0919 Chris Paight,09/01/19,09/01/19,12:00,12:00,CP45,CL42,NA,Bottle; 0.45µm MCE cup filter,750 µL CTAB,Olympic Coast National Marine Sanctuary,CL42,0,47˚ 35.674' N,124˚ 29.824' W,,,1000,Christopher Paight,
E2133.5B.OC0919,5,1,FALSE,FALSE,OC0919, OC0919 Chris Paight,09/01/19,09/01/19,12:00,12:00,CP46,CL42,NA,Bottle; 0.45µm MCE cup filter,750 µL CTAB,Olympic Coast National Marine Sanctuary,CL42,0,47˚ 35.674' N,124˚ 29.824' W,,,1000,Christopher Paight,
E2134.1B.OC0919,1,1,FALSE,FALSE,OC0919, OC0919 Chris Paight,09/01/19,09/01/19,12:00,12:00,CP5,MB42,NA,Bottle; 0.45µm MCE cup filter,750 µL CTAB,Olympic Coast National Marine Sanctuary,MB42,0,48˚ 19.438' N,124˚ 44.123' W,,,1000,Christopher Paight,
E2134.2B.OC0919,2,1,FALSE,FALSE,OC0919, OC0919 Chris Paight,09/01/19,09/01/19,12:00,12:00,CP26,MB42,NA,Bottle; 0.45µm MCE cup filter,750 µL CTAB,Olympic Coast National Marine Sanctuary,MB42,0,48˚ 19.438' N,124˚ 44.123' W,,,1000,Christopher Paight,
E2134.3B.OC0919,3,1,FALSE,FALSE,OC0919, OC0919 Chris Paight,09/01/19,09/01/19,12:00,12:00,CP22,MB42,NA,Bottle; 0.45µm MCE cup filter,750 µL CTAB,Olympic Coast National Marine Sanctuary,MB42,0,48˚ 19.438' N,124˚ 44.123' W,,,1000,Christopher Paight,
E2134.4B.OC0919,4,1,FALSE,FALSE,OC0919, OC0919 Chris Paight,09/01/19,09/01/19,12:00,12:00,CP28,MB42,NA,Bottle; 0.45µm MCE cup filter,750 µL CTAB,Olympic Coast National Marine Sanctuary,MB42,0,48˚ 19.438' N,124˚ 44.123' W,,,1000,Christopher Paight,
E2134.5B.OC0919,5,1,FALSE,FALSE,OC0919, OC0919 Chris Paight,09/01/19,09/01/19,12:00,12:00,CP14,MB42,NA,Bottle; 0.45µm MCE cup filter,750 µL CTAB,Olympic Coast National Marine Sanctuary,MB42,0,48˚ 19.438' N,124˚ 44.123' W,,,1000,Christopher Paight,
E2135.1B.OC0919,1,1,FALSE,FALSE,OC0919, OC0919 Chris Paight,09/01/19,09/01/19,12:00,12:00,CP9,THNS,NA,Bottle; 0.45µm MCE cup filter,750 µL CTAB,Olympic Coast National Marine Sanctuary,THNS,0,47˚ 52.567' N,124˚ 37.168' W,,,1000,Christopher Paight,
E2135.2B.OC0919,2,1,FALSE,FALSE,OC0919, OC0919 Chris Paight,09/01/19,09/01/19,12:00,12:00,CP29,THNS,NA,Bottle; 0.45µm MCE cup filter,750 µL CTAB,Olympic Coast National Marine Sanctuary,THNS,0,47˚ 52.567' N,124˚ 37.168' W,,,1000,Christopher Paight,
E2135.3B.OC0919,3,1,FALSE,FALSE,OC0919, OC0919 Chris Paight,09/01/19,09/01/19,12:00,12:00,CP15,THNS,NA,Bottle; 0.45µm MCE cup filter,750 µL CTAB,Olympic Coast National Marine Sanctuary,THNS,0,47˚ 52.567' N,124˚ 37.168' W,,,1000,Christopher Paight,
E2135.4B.OC0919,4,1,FALSE,FALSE,OC0919, OC0919 Chris Paight,09/01/19,09/01/19,12:00,12:00,CP31,THNS,NA,Bottle; 0.45µm MCE cup filter,750 µL CTAB,Olympic Coast National Marine Sanctuary,THNS,0,47˚ 52.567' N,124˚ 37.168' W,,,1000,Christopher Paight,
E2135.5B.OC0919,5,1,FALSE,FALSE,OC0919, OC0919 Chris Paight,09/01/19,09/01/19,12:00,12:00,CP32,THNS,NA,Bottle; 0.45µm MCE cup filter,750 µL CTAB,Olympic Coast National Marine Sanctuary,THNS,0,47˚ 52.567' N,124˚ 37.168' W,,,1000,Christopher Paight,
E2136.1B.OC0919,1,1,FALSE,FALSE,OC0919, OC0919 Chris Paight,09/01/19,09/01/19,12:00,12:00,CP36,TH042,NA,Bottle; 0.45µm MCE cup filter,750 µL CTAB,Olympic Coast National Marine Sanctuary,TH042,0,47˚ 52.569' N,124˚ 44.005' W,,,1000,Christopher Paight,
E2136.2B.OC0919,2,1,FALSE,FALSE,OC0919, OC0919 Chris Paight,09/01/19,09/01/19,12:00,12:00,CP37,TH042,NA,Bottle; 0.45µm MCE cup filter,750 µL CTAB,Olympic Coast National Marine Sanctuary,TH042,0,47˚ 52.569' N,124˚ 44.005' W,,,1000,Christopher Paight,
E2136.3B.OC0919,3,1,FALSE,FALSE,OC0919, OC0919 Chris Paight,09/01/19,09/01/19,12:00,12:00,CP10,TH042,NA,Bottle; 0.45µm MCE cup filter,750 µL CTAB,Olympic Coast National Marine Sanctuary,TH042,0,47˚ 52.569' N,124˚ 44.005' W,,,1000,Christopher Paight,
E2136.4B.OC0919,4,1,FALSE,FALSE,OC0919, OC0919 Chris Paight,09/01/19,09/01/19,12:00,12:00,CP20,TH042,NA,Bottle; 0.45µm MCE cup filter,750 µL CTAB,Olympic Coast National Marine Sanctuary,TH042,0,47˚ 52.569' N,124˚ 44.005' W,,,1000,Christopher Paight,
E2136.5B.OC0919,5,1,FALSE,FALSE,OC0919, OC0919 Chris Paight,09/01/19,09/01/19,12:00,12:00,CP27,TH042,NA,Bottle; 0.45µm MCE cup filter,750 µL CTAB,Olympic Coast National Marine Sanctuary,TH042,0,47˚ 52.569' N,124˚ 44.005' W,,,1000,Christopher Paight,
E2137.1B.OC0919,1,1,FALSE,FALSE,OC0919, OC0919 Chris Paight,09/01/19,09/01/19,12:00,12:00,CP6,,NA,Niskin; 0.45µm MCE cup filter,750 µL CTAB,Olympic Coast National Marine Sanctuary,0.0,0,NA,NA,,,1000,Christopher Paight,
E446.1B.PCR2,1,2,FALSE,FALSE,WCOA21,WCOA 2021,06/29/21,NA,9:24,NA,220101,ChaBa,1,Niskin; Sterivex 0.22µm filter,95% EtOH,Washington Coast,ChaBa,77.1,NA,NA,47.95,-124.91,1000,Sean McAllister,
E446.1B.PCR3,1,3,FALSE,FALSE,WCOA21,WCOA 2021,06/29/21,NA,9:24,NA,220101,ChaBa,1,Niskin; Sterivex 0.22µm filter,95% EtOH,Washington Coast,ChaBa,77.1,NA,NA,47.95,-124.91,1000,Sean McAllister,
E446.2B.PCR2,2,2,FALSE,FALSE,WCOA21,WCOA 2021,06/29/21,NA,9:24,NA,220102,ChaBa,2,Niskin; Sterivex 0.22µm filter,95% EtOH,Washington Coast,ChaBa,76.2,NA,NA,47.95,-124.91,1000,Sean McAllister,
E446.2B.PCR3,2,3,FALSE,FALSE,WCOA21,WCOA 2021,06/29/21,NA,9:24,NA,220102,ChaBa,2,Niskin; Sterivex 0.22µm filter,95% EtOH,Washington Coast,ChaBa,76.2,NA,NA,47.95,-124.91,1000,Sean McAllister,
E446.3B.PCR2,3,2,FALSE,FALSE,WCOA21,WCOA 2021,06/29/21,NA,9:24,NA,220103,ChaBa,3,Niskin; Sterivex 0.22µm filter,95% EtOH,Washington Coast,ChaBa,76.5,NA,NA,47.95,-124.91,1000,Sean McAllister,
E446.3B.PCR3,3,3,FALSE,FALSE,WCOA21,WCOA 2021,06/29/21,NA,9:24,NA,220103,ChaBa,3,Niskin; Sterivex 0.22µm filter,95% EtOH,Washington Coast,ChaBa,76.5,NA,NA,47.95,-124.91,1000,Sean McAllister,
E447.1B.MiFishMod,1,1,FALSE,FALSE,WCOA21,WCOA 2021,06/29/21,NA,9:39,NA,220110,ChaBa,10,Niskin; Sterivex 0.22µm filter,95% EtOH,Washington Coast,ChaBa,10.8,NA,NA,47.95,-124.91,1000,Sean McAllister,Mid samples changed to DCM. No deployed niskins at 50-20m range with enough water for replicates.
E447.1B.PCR2,1,2,FALSE,FALSE,WCOA21,WCOA 2021,06/29/21,NA,9:39,NA,220110,ChaBa,10,Niskin; Sterivex 0.22µm filter,95% EtOH,Washington Coast,ChaBa,10.8,NA,NA,47.95,-124.91,1000,Sean McAllister,Mid samples changed to DCM. No deployed niskins at 50-20m range with enough water for replicates.
E447.1B.PCR3,1,3,FALSE,FALSE,WCOA21,WCOA 2021,06/29/21,NA,9:39,NA,220110,ChaBa,10,Niskin; Sterivex 0.22µm filter,95% EtOH,Washington Coast,ChaBa,10.8,NA,NA,47.95,-124.91,1000,Sean McAllister,Mid samples changed to DCM. No deployed niskins at 50-20m range with enough water for replicates.
E447.2B.MiFishMod,2,1,FALSE,FALSE,WCOA21,WCOA 2021,06/29/21,NA,9:39,NA,220111,ChaBa,11,Niskin; Sterivex 0.22µm filter,95% EtOH,Washington Coast,ChaBa,10.8,NA,NA,47.95,-124.91,1000,Sean McAllister,
E447.2B.PCR2,2,2,FALSE,FALSE,WCOA21,WCOA 2021,06/29/21,NA,9:39,NA,220111,ChaBa,11,Niskin; Sterivex 0.22µm filter,95% EtOH,Washington Coast,ChaBa,10.8,NA,NA,47.95,-124.91,1000,Sean McAllister,
E447.2B.PCR3,2,3,FALSE,FALSE,WCOA21,WCOA 2021,06/29/21,NA,9:39,NA,220111,ChaBa,11,Niskin; Sterivex 0.22µm filter,95% EtOH,Washington Coast,ChaBa,10.8,NA,NA,47.95,-124.91,1000,Sean McAllister,
E447.3B.MiFishMod,3,1,FALSE,FALSE,WCOA21,WCOA 2021,06/29/21,NA,9:39,NA,220112,ChaBa,12,Niskin; Sterivex 0.22µm filter,95% EtOH,Washington Coast,ChaBa,10.8,NA,NA,47.95,-124.91,1000,Sean McAllister,
E447.3B.PCR2,3,2,FALSE,FALSE,WCOA21,WCOA 2021,06/29/21,NA,9:39,NA,220112,ChaBa,12,Niskin; Sterivex 0.22µm filter,95% EtOH,Washington Coast,ChaBa,10.8,NA,NA,47.95,-124.91,1000,Sean McAllister,
E447.3B.PCR3,3,3,FALSE,FALSE,WCOA21,WCOA 2021,06/29/21,NA,9:39,NA,220112,ChaBa,12,Niskin; Sterivex 0.22µm filter,95% EtOH,Washington Coast,ChaBa,10.8,NA,NA,47.95,-124.91,1000,Sean McAllister,
E448.1B.PCR2,1,2,FALSE,FALSE,WCOA21,WCOA 2021,06/29/21,NA,9:41,NA,220114,ChaBa,14,Niskin; Sterivex 0.22µm filter,95% EtOH,Washington Coast,ChaBa,3.3,NA,NA,47.95,-124.91,1000,Sean McAllister,
E448.1B.PCR3,1,3,FALSE,FALSE,WCOA21,WCOA 2021,06/29/21,NA,9:41,NA,220114,ChaBa,14,Niskin; Sterivex 0.22µm filter,95% EtOH,Washington Coast,ChaBa,3.3,NA,NA,47.95,-124.91,1000,Sean McAllister,
E448.2B.PCR2,2,2,FALSE,FALSE,WCOA21,WCOA 2021,06/29/21,NA,9:41,NA,220115,ChaBa,15,Niskin; Sterivex 0.22µm filter,95% EtOH,Washington Coast,ChaBa,2.9,NA,NA,47.95,-124.91,1000,Sean McAllister,
E448.2B.PCR3,2,3,FALSE,FALSE,WCOA21,WCOA 2021,06/29/21,NA,9:41,NA,220115,ChaBa,15,Niskin; Sterivex 0.22µm filter,95% EtOH,Washington Coast,ChaBa,2.9,NA,NA,47.95,-124.91,1000,Sean McAllister,
E448.3B.PCR2,3,2,FALSE,FALSE,WCOA21,WCOA 2021,06/29/21,NA,9:41,NA,220116,ChaBa,16,Niskin; Sterivex 0.22µm filter,95% EtOH,Washington Coast,ChaBa,3.1,NA,NA,47.95,-124.91,1000,Sean McAllister,
E448.3B.PCR3,3,3,FALSE,FALSE,WCOA21,WCOA 2021,06/29/21,NA,9:41,NA,220116,ChaBa,16,Niskin; Sterivex 0.22µm filter,95% EtOH,Washington Coast,ChaBa,3.1,NA,NA,47.95,-124.91,1000,Sean McAllister,
E449.1B.PCR2,1,2,FALSE,FALSE,WCOA21,WCOA 2021,06/29/21,NA,11:47,NA,230101,Sokul,1,Niskin; Sterivex 0.22µm filter,95% EtOH,Washington Coast,Sokul,25.7,NA,NA,47.95,-124.75,1000,Sean McAllister,
E449.1B.PCR3,1,3,FALSE,FALSE,WCOA21,WCOA 2021,06/29/21,NA,11:47,NA,230101,Sokul,1,Niskin; Sterivex 0.22µm filter,95% EtOH,Washington Coast,Sokul,25.7,NA,NA,47.95,-124.75,1000,Sean McAllister,
E449.2B.PCR2,2,2,FALSE,FALSE,WCOA21,WCOA 2021,06/29/21,NA,11:47,NA,230102,Sokul,2,Niskin; Sterivex 0.22µm filter,95% EtOH,Washington Coast,Sokul,25.3,NA,NA,47.95,-124.75,1000,Sean McAllister,
E449.2B.PCR3,2,3,FALSE,FALSE,WCOA21,WCOA 2021,06/29/21,NA,11:47,NA,230102,Sokul,2,Niskin; Sterivex 0.22µm filter,95% EtOH,Washington Coast,Sokul,25.3,NA,NA,47.95,-124.75,1000,Sean McAllister,
E449.3B.PCR2,3,2,FALSE,FALSE,WCOA21,WCOA 2021,06/29/21,NA,11:47,NA,230103,Sokul,3,Niskin; Sterivex 0.22µm filter,95% EtOH,Washington Coast,Sokul,26.0,NA,NA,47.95,-124.75,1000,Sean McAllister,
E449.3B.PCR3,3,3,FALSE,FALSE,WCOA21,WCOA 2021,06/29/21,NA,11:47,NA,230103,Sokul,3,Niskin; Sterivex 0.22µm filter,95% EtOH,Washington Coast,Sokul,26.0,NA,NA,47.95,-124.75,1000,Sean McAllister,
E450.1B.MiFishMod,1,1,FALSE,FALSE,WCOA21,WCOA 2021,06/29/21,NA,11:56,NA,230110,Sokul,10,Niskin; Sterivex 0.22µm filter,95% EtOH,Washington Coast,Sokul,3.1,NA,NA,47.95,-124.75,1000,Sean McAllister,
E450.1B.PCR2,1,2,FALSE,FALSE,WCOA21,WCOA 2021,06/29/21,NA,11:56,NA,230110,Sokul,10,Niskin; Sterivex 0.22µm filter,95% EtOH,Washington Coast,Sokul,3.1,NA,NA,47.95,-124.75,1000,Sean McAllister,
E450.1B.PCR3,1,3,FALSE,FALSE,WCOA21,WCOA 2021,06/29/21,NA,11:56,NA,230110,Sokul,10,Niskin; Sterivex 0.22µm filter,95% EtOH,Washington Coast,Sokul,3.1,NA,NA,47.95,-124.75,1000,Sean McAllister,
E450.2B.MiFishMod,2,1,FALSE,FALSE,WCOA21,WCOA 2021,06/29/21,NA,11:56,NA,230111,Sokul,11,Niskin; Sterivex 0.22µm filter,95% EtOH,Washington Coast,Sokul,3.6,NA,NA,47.95,-124.75,1000,Sean McAllister,
E450.2B.PCR2,2,2,FALSE,FALSE,WCOA21,WCOA 2021,06/29/21,NA,11:56,NA,230111,Sokul,11,Niskin; Sterivex 0.22µm filter,95% EtOH,Washington Coast,Sokul,3.6,NA,NA,47.95,-124.75,1000,Sean McAllister,
E450.2B.PCR3,2,3,FALSE,FALSE,WCOA21,WCOA 2021,06/29/21,NA,11:56,NA,230111,Sokul,11,Niskin; Sterivex 0.22µm filter,95% EtOH,Washington Coast,Sokul,3.6,NA,NA,47.95,-124.75,1000,Sean McAllister,
E450.3B.MiFishMod,3,1,FALSE,FALSE,WCOA21,WCOA 2021,06/29/21,NA,11:56,NA,230112,Sokul,12,Niskin; Sterivex 0.22µm filter,95% EtOH,Washington Coast,Sokul,3.6,NA,NA,47.95,-124.75,1000,Sean McAllister,
E450.3B.PCR2,3,2,FALSE,FALSE,WCOA21,WCOA 2021,06/29/21,NA,11:56,NA,230112,Sokul,12,Niskin; Sterivex 0.22µm filter,95% EtOH,Washington Coast,Sokul,3.6,NA,NA,47.95,-124.75,1000,Sean McAllister,
E450.3B.PCR3,3,3,FALSE,FALSE,WCOA21,WCOA 2021,06/29/21,NA,11:56,NA,230112,Sokul,12,Niskin; Sterivex 0.22µm filter,95% EtOH,Washington Coast,Sokul,3.6,NA,NA,47.95,-124.75,1000,Sean McAllister,
E474.MiFishMod,1,1,FALSE,FALSE,WCOA21,WCOA 2021,06/30/21,NA,22:24,NA,290110,CR-2,10,Niskin; Sterivex 0.22µm filter,95% EtOH,Washington Coast,CR-2,2.8,NA,NA,46.19,-123.91,1000,Sean McAllister,Filtered 500 mL onto each of two filters
E475.PCR2,1,2,FALSE,FALSE,WCOA21,WCOA 2021,07/01/21,NA,0:45,NA,300102,CR3,2,Niskin; Sterivex 0.22µm filter,95% EtOH,Washington Coast,CR3,19.7,NA,NA,46.13,-124.03,1000,Sean McAllister,
E475.PCR3,1,3,FALSE,FALSE,WCOA21,WCOA 2021,07/01/21,NA,0:45,NA,300102,CR3,2,Niskin; Sterivex 0.22µm filter,95% EtOH,Washington Coast,CR3,19.7,NA,NA,46.13,-124.03,1000,Sean McAllister,
E486.PCR2,1,2,FALSE,FALSE,WCOA21,WCOA 2021,07/01/21,NA,3:21,NA,320102,CR13,2,Niskin; Sterivex 0.22µm filter,95% EtOH,Washington Coast,CR13,87.7,NA,NA,46.13,-124.27,1000,Sean McAllister,
E486.PCR3,1,3,FALSE,FALSE,WCOA21,WCOA 2021,07/01/21,NA,3:21,NA,320102,CR13,2,Niskin; Sterivex 0.22µm filter,95% EtOH,Washington Coast,CR13,87.7,NA,NA,46.13,-124.27,1000,Sean McAllister,
E491.MiFishMod,1,1,FALSE,FALSE,WCOA21,WCOA 2021,07/01/21,NA,3:40,NA,320113,CR13,13,Niskin; Sterivex 0.22µm filter,95% EtOH,Washington Coast,CR13,3.3,NA,NA,46.13,-124.27,1000,Sean McAllister,
E492.1B.PCR2,1,2,FALSE,FALSE,WCOA21,WCOA 2021,07/01/21,NA,5:15,NA,330101,CR24,1,Niskin; Sterivex 0.22µm filter,95% EtOH,Washington Coast,CR24,131.0,NA,NA,46.13,-124.53,1000,Sean McAllister,
E492.1B.PCR3,1,3,FALSE,FALSE,WCOA21,WCOA 2021,07/01/21,NA,5:15,NA,330101,CR24,1,Niskin; Sterivex 0.22µm filter,95% EtOH,Washington Coast,CR24,131.0,NA,NA,46.13,-124.53,1000,Sean McAllister,
E494.PCR2,1,2,FALSE,FALSE,WCOA21,WCOA 2021,07/01/21,NA,5:23,NA,330107,CR24,7,Niskin; Sterivex 0.22µm filter,95% EtOH,Washington Coast,CR24,79.7,NA,NA,46.13,-124.53,1000,Sean McAllister,
E494.PCR3,1,3,FALSE,FALSE,WCOA21,WCOA 2021,07/01/21,NA,5:23,NA,330107,CR24,7,Niskin; Sterivex 0.22µm filter,95% EtOH,Washington Coast,CR24,79.7,NA,NA,46.13,-124.53,1000,Sean McAllister,
E496.1T.PCR2,1,1,FALSE,FALSE,WCOA21,WCOA 2021,07/01/21,NA,5:36,NA,330113,CR24,13,Niskin; Sterivex 0.22µm filter,95% EtOH,Washington Coast,CR24,20.5,NA,NA,46.13,-124.53,1000,Sean McAllister,
E496.1T.PCR3,1,1,FALSE,FALSE,WCOA21,WCOA 2021,07/01/21,NA,5:36,NA,330113,CR24,13,Niskin; Sterivex 0.22µm filter,95% EtOH,Washington Coast,CR24,20.5,NA,NA,46.13,-124.53,1000,Sean McAllister,
E496.3B.PCR2,3,2,FALSE,FALSE,WCOA21,WCOA 2021,07/01/21,NA,5:36,NA,330114,CR24,14,Niskin; Sterivex 0.22µm filter,95% EtOH,Washington Coast,CR24,20.3,NA,NA,46.13,-124.53,1000,Sean McAllister,
E496.3B.PCR3,3,3,FALSE,FALSE,WCOA21,WCOA 2021,07/01/21,NA,5:36,NA,330114,CR24,14,Niskin; Sterivex 0.22µm filter,95% EtOH,Washington Coast,CR24,20.3,NA,NA,46.13,-124.53,1000,Sean McAllister,
E498.1B.PCR2,1,2,FALSE,FALSE,WCOA21,WCOA 2021,07/01/21,NA,5:41,NA,330118,CR24,18,Niskin; Sterivex 0.22µm filter,95% EtOH,Washington Coast,CR24,3.2,NA,NA,46.13,-124.53,350,Sean McAllister,Ran out; only ~350 mL total
E498.1B.PCR3,1,3,FALSE,FALSE,WCOA21,WCOA 2021,07/01/21,NA,5:41,NA,330118,CR24,18,Niskin; Sterivex 0.22µm filter,95% EtOH,Washington Coast,CR24,3.2,NA,NA,46.13,-124.53,350,Sean McAllister,Ran out; only ~350 mL total
E498.2B.PCR2,2,2,FALSE,FALSE,WCOA21,WCOA 2021,07/01/21,NA,5:41,NA,330119,CR24,19,Niskin; Sterivex 0.22µm filter,95% EtOH,Washington Coast,CR24,3.2,NA,NA,46.13,-124.53,1000,Sean McAllister,
E498.2B.PCR3,2,3,FALSE,FALSE,WCOA21,WCOA 2021,07/01/21,NA,5:41,NA,330119,CR24,19,Niskin; Sterivex 0.22µm filter,95% EtOH,Washington Coast,CR24,3.2,NA,NA,46.13,-124.53,1000,Sean McAllister,
E498.3B.PCR2,3,2,FALSE,FALSE,WCOA21,WCOA 2021,07/01/21,NA,5:42,NA,330120,CR24,20,Niskin; Sterivex 0.22µm filter,95% EtOH,Washington Coast,CR24,3.2,NA,NA,46.13,-124.53,1000,Sean McAllister,
E498.3B.PCR3,3,3,FALSE,FALSE,WCOA21,WCOA 2021,07/01/21,NA,5:42,NA,330120,CR24,20,Niskin; Sterivex 0.22µm filter,95% EtOH,Washington Coast,CR24,3.2,NA,NA,46.13,-124.53,1000,Sean McAllister,
E573.1B.PCR2,1,2,FALSE,FALSE,WCOA21,WCOA 2021,07/04/21,NA,9:46,NA,500101,NH10,1,Niskin; Sterivex 0.22µm filter,95% EtOH,Washington Coast,NH10,70.4,NA,NA,44.65,-124.30,1000,Sean McAllister,
E573.1B.PCR3,1,3,FALSE,FALSE,WCOA21,WCOA 2021,07/04/21,NA,9:46,NA,500101,NH10,1,Niskin; Sterivex 0.22µm filter,95% EtOH,Washington Coast,NH10,70.4,NA,NA,44.65,-124.30,1000,Sean McAllister,
E573.2B.PCR2,2,2,FALSE,FALSE,WCOA21,WCOA 2021,07/04/21,NA,9:46,NA,500102,NH10,2,Niskin; Sterivex 0.22µm filter,95% EtOH,Washington Coast,NH10,71.1,NA,NA,44.65,-124.30,1000,Sean McAllister,
E573.2B.PCR3,2,3,FALSE,FALSE,WCOA21,WCOA 2021,07/04/21,NA,9:46,NA,500102,NH10,2,Niskin; Sterivex 0.22µm filter,95% EtOH,Washington Coast,NH10,71.1,NA,NA,44.65,-124.30,1000,Sean McAllister,
E573.3B.PCR2,3,2,FALSE,FALSE,WCOA21,WCOA 2021,07/04/21,NA,9:46,NA,500103,NH10,3,Niskin; Sterivex 0.22µm filter,95% EtOH,Washington Coast,NH10,70.5,NA,NA,44.65,-124.30,1000,Sean McAllister,
E573.3B.PCR3,3,3,FALSE,FALSE,WCOA21,WCOA 2021,07/04/21,NA,9:46,NA,500103,NH10,3,Niskin; Sterivex 0.22µm filter,95% EtOH,Washington Coast,NH10,70.5,NA,NA,44.65,-124.30,1000,Sean McAllister,
E574.1B.PCR2,1,2,FALSE,FALSE,WCOA21,WCOA 2021,07/04/21,NA,9:53,NA,500106,NH10,6,Niskin; Sterivex 0.22µm filter,95% EtOH,Washington Coast,NH10,40.6,NA,NA,44.65,-124.30,1000,Sean McAllister,
E574.1B.PCR3,1,3,FALSE,FALSE,WCOA21,WCOA 2021,07/04/21,NA,9:53,NA,500106,NH10,6,Niskin; Sterivex 0.22µm filter,95% EtOH,Washington Coast,NH10,40.6,NA,NA,44.65,-124.30,1000,Sean McAllister,
E574.2B.PCR2,2,2,FALSE,FALSE,WCOA21,WCOA 2021,07/04/21,NA,9:53,NA,500107,NH10,7,Niskin; Sterivex 0.22µm filter,95% EtOH,Washington Coast,NH10,39.6,NA,NA,44.65,-124.30,1000,Sean McAllister,
E574.2B.PCR3,2,3,FALSE,FALSE,WCOA21,WCOA 2021,07/04/21,NA,9:53,NA,500107,NH10,7,Niskin; Sterivex 0.22µm filter,95% EtOH,Washington Coast,NH10,39.6,NA,NA,44.65,-124.30,1000,Sean McAllister,
E574.3B.PCR2,3,2,FALSE,FALSE,WCOA21,WCOA 2021,07/04/21,NA,9:53,NA,500108,NH10,8,Niskin; Sterivex 0.22µm filter,95% EtOH,Washington Coast,NH10,40.4,NA,NA,44.65,-124.30,1000,Sean McAllister,
E574.3B.PCR3,3,3,FALSE,FALSE,WCOA21,WCOA 2021,07/04/21,NA,9:53,NA,500108,NH10,8,Niskin; Sterivex 0.22µm filter,95% EtOH,Washington Coast,NH10,40.4,NA,NA,44.65,-124.30,1000,Sean McAllister,
E575.1B.PCR2,1,2,FALSE,FALSE,WCOA21,WCOA 2021,07/04/21,NA,10:03,NA,500115,NH10,15,Niskin; Sterivex 0.22µm filter,95% EtOH,Washington Coast,NH10,4.0,NA,NA,44.65,-124.30,1000,Sean McAllister,
E575.1B.PCR3,1,3,FALSE,FALSE,WCOA21,WCOA 2021,07/04/21,NA,10:03,NA,500115,NH10,15,Niskin; Sterivex 0.22µm filter,95% EtOH,Washington Coast,NH10,4.0,NA,NA,44.65,-124.30,1000,Sean McAllister,
E575.2B.PCR2,2,2,FALSE,FALSE,WCOA21,WCOA 2021,07/04/21,NA,10:03,NA,500116,NH10,16,Niskin; Sterivex 0.22µm filter,95% EtOH,Washington Coast,NH10,4.4,NA,NA,44.65,-124.30,1000,Sean McAllister,
E575.2B.PCR3,2,3,FALSE,FALSE,WCOA21,WCOA 2021,07/04/21,NA,10:03,NA,500116,NH10,16,Niskin; Sterivex 0.22µm filter,95% EtOH,Washington Coast,NH10,4.4,NA,NA,44.65,-124.30,1000,Sean McAllister,
E575.3B.PCR2,3,2,FALSE,FALSE,WCOA21,WCOA 2021,07/04/21,NA,10:03,NA,500117,NH10,17,Niskin; Sterivex 0.22µm filter,95% EtOH,Washington Coast,NH10,4.0,NA,NA,44.65,-124.30,1000,Sean McAllister,
E575.3B.PCR3,3,3,FALSE,FALSE,WCOA21,WCOA 2021,07/04/21,NA,10:03,NA,500117,NH10,17,Niskin; Sterivex 0.22µm filter,95% EtOH,Washington Coast,NH10,4.0,NA,NA,44.65,-124.30,1000,Sean McAllister,
E598.1B.PCR2,1,2,FALSE,FALSE,WCOA21,WCOA 2021,07/05/21,NA,5:42,NA,560101,HH20,1,Niskin; Sterivex 0.22µm filter,95% EtOH,Washington Coast,HH20,144.2,NA,NA,44.00,-124.60,1000,Sean McAllister,
E598.1B.PCR3,1,3,FALSE,FALSE,WCOA21,WCOA 2021,07/05/21,NA,5:42,NA,560101,HH20,1,Niskin; Sterivex 0.22µm filter,95% EtOH,Washington Coast,HH20,144.2,NA,NA,44.00,-124.60,1000,Sean McAllister,
E598.2B.PCR2,2,2,FALSE,FALSE,WCOA21,WCOA 2021,07/05/21,NA,5:42,NA,560102,HH20,2,Niskin; Sterivex 0.22µm filter,95% EtOH,Washington Coast,HH20,143.3,NA,NA,44.00,-124.60,1000,Sean McAllister,
E598.2B.PCR3,2,3,FALSE,FALSE,WCOA21,WCOA 2021,07/05/21,NA,5:42,NA,560102,HH20,2,Niskin; Sterivex 0.22µm filter,95% EtOH,Washington Coast,HH20,143.3,NA,NA,44.00,-124.60,1000,Sean McAllister,
E598.3B.PCR2,3,2,FALSE,FALSE,WCOA21,WCOA 2021,07/05/21,NA,5:42,NA,560103,HH20,3,Niskin; Sterivex 0.22µm filter,95% EtOH,Washington Coast,HH20,143.5,NA,NA,44.00,-124.60,1000,Sean McAllister,
E598.3B.PCR3,3,3,FALSE,FALSE,WCOA21,WCOA 2021,07/05/21,NA,5:42,NA,560103,HH20,3,Niskin; Sterivex 0.22µm filter,95% EtOH,Washington Coast,HH20,143.5,NA,NA,44.00,-124.60,1000,Sean McAllister,
E600.1B.PCR2,1,2,FALSE,FALSE,WCOA21,WCOA 2021,07/05/21,NA,6:11,NA,560117,HH20,17,Niskin; Sterivex 0.22µm filter,95% EtOH,Washington Coast,HH20,3.7,NA,NA,44.00,-124.60,1000,Sean McAllister,
E600.1B.PCR3,1,3,FALSE,FALSE,WCOA21,WCOA 2021,07/05/21,NA,6:11,NA,560117,HH20,17,Niskin; Sterivex 0.22µm filter,95% EtOH,Washington Coast,HH20,3.7,NA,NA,44.00,-124.60,1000,Sean McAllister,
E600.2B.PCR2,2,2,FALSE,FALSE,WCOA21,WCOA 2021,07/05/21,NA,6:11,NA,560118,HH20,18,Niskin; Sterivex 0.22µm filter,95% EtOH,Washington Coast,HH20,3.8,NA,NA,44.00,-124.60,1000,Sean McAllister,
E600.2B.PCR3,2,3,FALSE,FALSE,WCOA21,WCOA 2021,07/05/21,NA,6:11,NA,560118,HH20,18,Niskin; Sterivex 0.22µm filter,95% EtOH,Washington Coast,HH20,3.8,NA,NA,44.00,-124.60,1000,Sean McAllister,
E600.3B.PCR2,3,2,FALSE,FALSE,WCOA21,WCOA 2021,07/05/21,NA,6:11,NA,560119,HH20,19,Niskin; Sterivex 0.22µm filter,95% EtOH,Washington Coast,HH20,3.7,NA,NA,44.00,-124.60,1000,Sean McAllister,
E600.3B.PCR3,3,3,FALSE,FALSE,WCOA21,WCOA 2021,07/05/21,NA,6:11,NA,560119,HH20,19,Niskin; Sterivex 0.22µm filter,95% EtOH,Washington Coast,HH20,3.7,NA,NA,44.00,-124.60,1000,Sean McAllister,
E610.NC,1,1,TRUE,FALSE,WCOA21,WCOA 2021,07/05/21,NA,NA,NA,NA,NA,NA,Sterivex 0.22µm filter,95% EtOH,Washington Coast,NA,NA,NA,NA,NA,NA,1000,Sean McAllister,
E690.MiFishMod,1,1,FALSE,FALSE,WCOA21,WCOA 2021,07/11/21,NA,3:39,NA,820110,PR1,10,Niskin; Sterivex 0.22µm filter,95% EtOH,Washington Coast,PR1,3.6,NA,NA,37.97,-122.83,1000,Sean McAllister,
S074111_POSITIVE_UniCOI,1,1,FALSE,TRUE,NA,NA,NA,NA,NA,NA,NA,NA,NA,NA,NA,NA,NA,NA,NA,NA,NA,NA,NA,NA,NA
S074177_EMPTY_UniCOI,NA,NA,NA,FALSE,NA,NA,NA,NA,NA,NA,NA,NA,NA,NA,NA,NA,NA,NA,NA,NA,NA,NA,NA,NA,NA
S074495_POSITIVE_MiFishU_F2,1,1,FALSE,TRUE,NA,NA,NA,NA,NA,NA,NA,NA,NA,NA,NA,NA,NA,NA,NA,NA,NA,NA,NA,NA,NA
S074879_POSITIVE_18Sv4,1,1,FALSE,TRUE,NA,NA,NA,NA,NA,NA,NA,NA,NA,NA,NA,NA,NA,NA,NA,NA,NA,NA,NA,NA,NA
S074945_EMPTY_18Sv4,NA,NA,NA,FALSE,NA,NA,NA,NA,NA,NA,NA,NA,NA,NA,NA,NA,NA,NA,NA,NA,NA,NA,NA,NA,NA
S075251_POSITIVE_18Sv9_89,1,1,FALSE,TRUE,NA,NA,NA,NA,NA,NA,NA,NA,NA,NA,NA,NA,NA,NA,NA,NA,NA,NA,NA,NA,NA
S075263_EMPTY*_18Sv9_89,NA,NA,NA,FALSE,NA,NA,NA,NA,NA,NA,NA,NA,NA,NA,NA,NA,NA,NA,NA,NA,NA,NA,NA,NA,NA
S075329_EMPTY_18Sv9_89,NA,NA,NA,FALSE,NA,NA,NA,NA,NA,NA,NA,NA,NA,NA,NA,NA,NA,NA,NA,NA,NA,NA,NA,NA,NA
S075635_POSITIVE_16Sv4v5,1,1,FALSE,TRUE,NA,NA,NA,NA,NA,NA,NA,NA,NA,NA,NA,NA,NA,NA,NA,NA,NA,NA,NA,NA,NA
S075647_EMPTY*_16Sv4v5,NA,NA,NA,FALSE,NA,NA,NA,NA,NA,NA,NA,NA,NA,NA,NA,NA,NA,NA,NA,NA,NA,NA,NA,NA,NA
S075672_EMPTY_16Sv4v5,NA,NA,NA,FALSE,NA,NA,NA,NA,NA,NA,NA,NA,NA,NA,NA,NA,NA,NA,NA,NA,NA,NA,NA,NA,NA
S075713_EMPTY_16Sv4v5,NA,NA,NA,FALSE,NA,NA,NA,NA,NA,NA,NA,NA,NA,NA,NA,NA,NA,NA,NA,NA,NA,NA,NA,NA,NA
S076019_POSITIVE_18SMachida,1,1,FALSE,TRUE,NA,NA,NA,NA,NA,NA,NA,NA,NA,NA,NA,NA,NA,NA,NA,NA,NA,NA,NA,NA,NA
S076031_EMPTY_18SMachida,NA,NA,NA,FALSE,NA,NA,NA,NA,NA,NA,NA,NA,NA,NA,NA,NA,NA,NA,NA,NA,NA,NA,NA,NA,NA
S076211_POSITIVE_ITS1_diatom,1,1,FALSE,TRUE,NA,NA,NA,NA,NA,NA,NA,NA,NA,NA,NA,NA,NA,NA,NA,NA,NA,NA,NA,NA,NA
S076223_EMPTY*_ITS1_diatom,NA,NA,NA,FALSE,NA,NA,NA,NA,NA,NA,NA,NA,NA,NA,NA,NA,NA,NA,NA,NA,NA,NA,NA,NA,NA
S076307_EMPTY*_dLoop,NA,NA,NA,FALSE,NA,NA,NA,NA,NA,NA,NA,NA,NA,NA,NA,NA,NA,NA,NA,NA,NA,NA,NA,NA,NA
S076319_POSITIVE_dLoop,1,1,FALSE,TRUE,NA,NA,NA,NA,NA,NA,NA,NA,NA,NA,NA,NA,NA,NA,NA,NA,NA,NA,NA,NA,NA